ANMOIS;APT;APT_NOM;APT_ZON;APT_PEQ;APT_PAX_dep;APT_PAX_arr;APT_PAX_tr;APT_FRP_dep;APT_FRP_arr;APT_NMVT_mxt;APT_NMVT_cgo;REGION
202301;FMCZ;MAYOTTE-MARCEL HENRY;OM;41503;16013;22511;0;27,2;270,7;369;0;Mayotte
202301;FMEE;LA REUNION-ROLAND GARROS;OM;287884;123934;136439;3262;843,9;1580,9;1341;1;La Réunion
202301;FMEP;ST-PIERRE-PIERREFONDS;OM;2046;1023;1023;0;0;0;22;0;La Réunion
202301;LFAQ;ALBERT-BRAY;MT;1354;108;74;0;70,6;46,6;50;12;Hauts-de-France
202301;LFBD;BORDEAUX-MERIGNAC;MT;353043;172245;170265;1139;355,9;583,6;2708;88;Nouvelle-Aquitaine
202301;LFBE;BERGERAC-DORDOGNE-PERIGORD;MT;4017;2141;1876;0;0;0;50;0;Nouvelle-Aquitaine
202301;LFBH;LA ROCHELLE-ILE DE RE;MT;4156;2146;2010;0;0;0;81;0;Nouvelle-Aquitaine
202301;LFBI;POITIERS-BIARD;MT;3588;1618;1456;514;0;0;110;0;Nouvelle-Aquitaine
202301;LFBL;LIMOGES-BELLEGARDE;MT;11091;5862;5229;0;0;0;202;0;Nouvelle-Aquitaine
202301;LFBO;TOULOUSE-BLAGNAC;MT;577557;266181;262764;377;1749,3;3074,2;5050;336;Occitanie
202301;LFBP;PAU-PYRENEES;MT;28147;14475;13072;0;13,7;46,3;407;4;Nouvelle-Aquitaine
202301;LFBT;TARBES-LOURDES-PYRENEES;MT;22184;11374;10810;0;0;0;211;0;Occitanie
202301;LFBZ;BIARRITZ-PAYS-BASQUE;MT;45283;23958;21325;0;0;0;470;0;Nouvelle-Aquitaine
202301;LFCK;CASTRES-MAZAMET;MT;2887;1628;1259;0;0;0;100;0;Occitanie
202301;LFCR;RODEZ-AVEYRON;MT;2804;1498;1306;0;0;0;116;0;Occitanie
202301;LFGJ;DOLE-TAVAUX;MT;8755;4242;4513;0;0;0;60;0;Bourgogne-Franche-Comté
202301;LFJL;METZ-NANCY-LORRAINE;MT;6391;2873;3518;0;0;0;144;0;Grand Est
202301;LFKB;BASTIA-PORETTA;MT;67969;31553;31009;124;124,6;403,7;660;101;Corse
202301;LFKC;CALVI-STE-CATHERINE;MT;9507;5105;4398;0;0;0,4;175;0;Corse
202301;LFKF;FIGARI-SUD-CORSE;MT;14946;7974;6972;0;0;0;300;0;Corse
202301;LFKJ;AJACCIO-NAPOLEON-BONAPARTE;MT;64174;30440;29543;40;85;330,1;622;86;Corse
202301;LFLB;CHAMBERY-AIX-LES-BAINS;MT;42893;21179;20985;46;54,3;14;1303;0;Auvergne-Rhône-Alpes
202301;LFLC;CLERMONT-FERRAND-AUVERGNE;MT;23535;9384;8970;2;517,1;0,8;357;9;Auvergne-Rhône-Alpes
202301;LFLL;LYON-ST-EXUPERY;MT;690395;318943;331322;1022;1863,6;2047,2;5710;260;Auvergne-Rhône-Alpes
202301;LFLS;GRENOBLE-ALPES-ISERE;MT;60449;29179;31258;12;0;0;696;0;Auvergne-Rhône-Alpes
202301;LFLW;AURILLAC;MT;2436;1317;1119;0;0;0;103;0;Auvergne-Rhône-Alpes
202301;LFMK;CARCASSONNE-SALVAZA;MT;10473;5364;5109;0;0;0;84;0;Occitanie
202301;LFML;MARSEILLE-PROVENCE;MT;706406;323495;336464;3726;2224,4;2047,8;6117;535;Provence-Alpes-Côte d'Azur
202301;LFMN;NICE-COTE D'AZUR;MT;671108;335920;329450;764;390,1;107,3;7498;47;Provence-Alpes-Côte d'Azur
202301;LFMP;PERPIGNAN-RIVESALTES;MT;26306;13354;12952;0;0;0;186;0;Occitanie
202301;LFMT;MONTPELLIER-MEDITERRANEE;MT;105698;49067;51175;460;276;223,6;809;81;Occitanie
202301;LFMU;BEZIERS-VIAS;MT;7559;4004;3555;0;0;0;61;0;Occitanie
202301;LFOB;BEAUVAIS-TILLE;MT;404506;197206;207300;0;0;0;2448;0;Hauts-de-France
202301;LFOK;CHALONS-VATRY;MT;7256;1568;1640;0;220,1;184,7;26;47;Grand Est
202301;LFOT;TOURS-VAL DE LOIRE;MT;12501;6380;6121;0;0;0;93;0;Centre-Val de Loire
202301;LFPB;PARIS-LE BOURGET;MT;7890;3830;4060;0;0;0;4167;0;Île-de-France
202301;LFPG;PARIS-CHARLES DE GAULLE;MT;6079271;2371433;2346140;717;71899,8;64198,3;29719;3498;Île-de-France
202301;LFPO;PARIS-ORLY;MT;2252800;1063868;1135740;56;3509,6;1804;14620;1;Île-de-France
202301;LFQQ;LILLE-LESQUIN;MT;94145;45630;48453;59;0,3;0;743;0;Hauts-de-France
202301;LFRB;BREST-BRETAGNE;MT;49675;25639;23410;577;3,6;1,2;717;2;Bretagne
202301;LFRG;DEAUVILLE-NORMANDIE;MT;1806;859;729;218;0;0;39;0;Normandie
202301;LFRK;CAEN-CARPIQUET;MT;12827;6565;6259;0;0;0,3;196;1;Normandie
202301;LFRN;RENNES-ST-JACQUES;MT;50810;21720;21160;0;331,9;461,1;513;78;Bretagne
202301;LFRQ;QUIMPER-PLUGUFFAN;MT;1068;589;479;0;0;0;91;0;Bretagne
202301;LFRS;NANTES-ATLANTIQUE;MT;326597;159379;157360;391;439,6;507,1;2425;84;Pays de la Loire
202301;LFRZ;ST-NAZAIRE-MONTOIR;MT;15028;290;291;178;910,5;516,4;51;63;Pays de la Loire
202301;LFSB;BALE-MULHOUSE;MT;446831;184729;213057;0;2946,4;1958,1;3291;470;Grand Est
202301;LFSL;BRIVE-SOUILLAC;MT;4247;2230;2017;0;0;0;124;0;Nouvelle-Aquitaine
202301;LFST;STRASBOURG-ENTZHEIM;MT;59251;28573;30432;225;0,6;1,5;697;0;Grand Est
202301;LFTH;TOULON-HYERES;MT;17886;9373;8513;0;0;0;261;0;Provence-Alpes-Côte d'Azur
202301;LFTW;NIMES-GARONS;MT;10940;5467;5472;1;0;0;90;0;Occitanie
202301;LFVP;ST-PIERRE-POINTE BLANCHE;OM;1938;880;912;0;2,7;11,8;175;0;Saint-Pierre-et-Miquelon
202301;NLWF;FUTUNA;OM;1086;594;458;0;1,2;2,2;101;1;Wallis-et-Futuna
202301;NLWW;WALLIS-HIHIFO;OM;7321;3754;3354;0;4,8;16,6;153;1;Wallis-et-Futuna
202301;NTAA;TAHITI FAA'A;OM;118672;49810;59738;2815;269,2;361,7;1789;71;Polynésie française
202301;NTAR;RURUTU;OM;2672;1331;852;440;0,1;4,8;58;0;Polynésie française
202301;NTAT;TUBUAI MATAURA;OM;2376;1064;743;541;0,1;2,7;54;0;Polynésie française
202301;NTGC;TIKEHAU;OM;3681;1387;1101;1147;0,2;4,4;90;0;Polynésie française
202301;NTGF;FAKARAVA;OM;2643;1230;1003;352;0,2;5,7;54;0;Polynésie française
202301;NTGU;ARUTUA;OM;1114;509;304;272;0,1;2,8;30;0;Polynésie française
202301;NTMD;NUKU HIVA;OM;4344;1985;1747;528;2,3;6,1;138;0;Polynésie française
202301;NTMN;HIVA OA-ATUONA;OM;2847;1257;1001;544;0,4;4,1;68;0;Polynésie française
202301;NTTB;BORA BORA;OM;24331;11694;10585;1879;2,7;14,5;593;2;Polynésie française
202301;NTTG;RANGIROA;OM;7471;2997;2578;1715;6,7;11,4;192;0;Polynésie française
202301;NTTH;HUAHINE;OM;11280;4138;3406;3657;2,5;5,5;324;0;Polynésie française
202301;NTTM;MOOREA;OM;2650;1388;743;513;0,2;0,4;88;0;Polynésie française
202301;NTTO;HAO;OM;1766;392;480;869;0,1;2,4;56;0;Polynésie française
202301;NTTP;MAUPITI;OM;2454;1539;855;23;0,1;3,6;96;0;Polynésie française
202301;NTTR;RAIATEA;OM;18999;8744;8200;1875;5,4;12,6;485;0;Polynésie française
202301;NWWE;ILE DES PINS;OM;9261;4688;4424;0;3,2;11,7;168;0;Nouvelle-Calédonie
202301;NWWL;LIFOU;OM;15179;7236;7592;0;7,4;27,7;361;7;Nouvelle-Calédonie
202301;NWWM;NOUMEA MAGENTA;OM;37474;17703;18911;0;68,2;17,8;776;3;Nouvelle-Calédonie
202301;NWWR;MARE;OM;7080;3368;3529;0;3,8;14,5;194;5;Nouvelle-Calédonie
202301;NWWV;OUVEA;OM;6487;3017;3278;0;4,6;14,6;174;2;Nouvelle-Calédonie
202301;NWWW;NOUMEA LA TONTOUTA;OM;53774;26252;25015;4;43,1;207,3;325;0;Nouvelle-Calédonie
202301;SOCA;CAYENNE-FELIX EBOUE;OM;41255;19315;19978;0;42;154,2;450;26;Guyane
202301;SOOA;MARIPASOULA;OM;2362;1009;865;390;0,2;9,6;255;13;Guyane
202301;TFFF;MARTINIQUE-AIME CESAIRE;OM;194419;87890;93310;4632;201,2;657,5;1512;46;Martinique
202301;TFFG;ST-MARTIN-GRAND-CASE;OM;14956;7696;6966;0;10,5;18,9;619;31;Saint-Martin
202301;TFFJ;ST-BARTHELEMY;OM;24762;13643;10735;0;9,7;28,7;4534;110;Saint-Barthélemy
202302;FMCZ;MAYOTTE-MARCEL HENRY;OM;30298;15666;11991;0;28,9;235,1;285;0;Mayotte
202302;FMEE;LA REUNION-ROLAND GARROS;OM;183689;76564;80056;2724;604,8;1829,7;986;9;La Réunion
202302;FMEP;ST-PIERRE-PIERREFONDS;OM;2280;1140;1140;0;0;0;24;0;La Réunion
202302;LFAQ;ALBERT-BRAY;MT;1492;92;122;2;78;49,7;78;11;Hauts-de-France
202302;LFBD;BORDEAUX-MERIGNAC;MT;376141;183003;184135;614;380,9;458;2794;81;Nouvelle-Aquitaine
202302;LFBE;BERGERAC-DORDOGNE-PERIGORD;MT;5337;2662;2675;0;0;0;46;0;Nouvelle-Aquitaine
202302;LFBH;LA ROCHELLE-ILE DE RE;MT;3942;1934;2008;0;0;0;76;0;Nouvelle-Aquitaine
202302;LFBI;POITIERS-BIARD;MT;3776;1602;1627;547;0;0;103;0;Nouvelle-Aquitaine
202302;LFBL;LIMOGES-BELLEGARDE;MT;13063;6639;6422;2;0;0;182;0;Nouvelle-Aquitaine
202302;LFBO;TOULOUSE-BLAGNAC;MT;582764;284416;268058;537;855,5;2119,8;4836;273;Occitanie
202302;LFBP;PAU-PYRENEES;MT;27572;13563;14009;0;0;0;362;0;Nouvelle-Aquitaine
202302;LFBT;TARBES-LOURDES-PYRENEES;MT;27928;14020;13908;0;0;0;216;0;Occitanie
202302;LFBZ;BIARRITZ-PAYS-BASQUE;MT;46252;22683;23569;0;0;0;462;0;Nouvelle-Aquitaine
202302;LFCK;CASTRES-MAZAMET;MT;3576;1789;1787;0;0;0;114;0;Occitanie
202302;LFCR;RODEZ-AVEYRON;MT;2580;1310;1270;0;0;0;109;0;Occitanie
202302;LFGJ;DOLE-TAVAUX;MT;7657;4039;3618;0;0;0;46;0;Bourgogne-Franche-Comté
202302;LFJL;METZ-NANCY-LORRAINE;MT;6634;3503;3131;0;0;0;148;0;Grand Est
202302;LFKB;BASTIA-PORETTA;MT;64557;30452;28819;0;130,3;398,3;579;97;Corse
202302;LFKC;CALVI-STE-CATHERINE;MT;10138;5204;4931;0;0;0,3;163;0;Corse
202302;LFKF;FIGARI-SUD-CORSE;MT;15354;7844;7510;0;0;0;252;0;Corse
202302;LFKJ;AJACCIO-NAPOLEON-BONAPARTE;MT;61150;29261;27737;29;82,9;329,4;531;82;Corse
202302;LFLB;CHAMBERY-AIX-LES-BAINS;MT;42759;21416;20973;19;22;13,1;1481;0;Auvergne-Rhône-Alpes
202302;LFLC;CLERMONT-FERRAND-AUVERGNE;MT;20911;8345;8509;21;403,6;0;337;8;Auvergne-Rhône-Alpes
202302;LFLL;LYON-ST-EXUPERY;MT;748032;356524;351140;1078;2053,7;1875,4;6056;257;Auvergne-Rhône-Alpes
202302;LFLS;GRENOBLE-ALPES-ISERE;MT;58141;30365;27573;203;0;0;990;0;Auvergne-Rhône-Alpes
202302;LFLW;AURILLAC;MT;2805;1386;1419;0;0;0;107;0;Auvergne-Rhône-Alpes
202302;LFLX;CHATEAUROUX-DEOLS;MT;1990;0;0;0;174;25;0;6;Centre-Val de Loire
202302;LFMK;CARCASSONNE-SALVAZA;MT;9954;4936;5018;0;0;0;66;0;Occitanie
202302;LFML;MARSEILLE-PROVENCE;MT;711792;340970;330498;2808;1859,3;1892,3;5914;458;Provence-Alpes-Côte d'Azur
202302;LFMN;NICE-COTE D'AZUR;MT;749829;366494;376004;523;473,2;207,6;7809;42;Provence-Alpes-Côte d'Azur
202302;LFMP;PERPIGNAN-RIVESALTES;MT;24282;12161;12121;0;0;0;159;0;Occitanie
202302;LFMT;MONTPELLIER-MEDITERRANEE;MT;114970;56080;53434;344;294,4;216,9;824;78;Occitanie
202302;LFMU;BEZIERS-VIAS;MT;7201;3674;3527;0;0;0;50;0;Occitanie
202302;LFOB;BEAUVAIS-TILLE;MT;361635;186019;175616;0;0;0;2139;0;Hauts-de-France
202302;LFOK;CHALONS-VATRY;MT;11320;1595;1451;0;527,6;299,8;33;73;Grand Est
202302;LFOT;TOURS-VAL DE LOIRE;MT;12252;6343;5909;0;0;0;86;0;Centre-Val de Loire
202302;LFPB;PARIS-LE BOURGET;MT;7330;3746;3584;0;0;0;3862;0;Île-de-France
202302;LFPG;PARIS-CHARLES DE GAULLE;MT;5850640;2288805;2191673;445;74347,1;62624,6;27550;3289;Île-de-France
202302;LFPO;PARIS-ORLY;MT;2284469;1153507;1074949;192;3662,1;1920,1;14374;0;Île-de-France
202302;LFQQ;LILLE-LESQUIN;MT;102862;52625;50025;210;0,2;0;800;0;Hauts-de-France
202302;LFRB;BREST-BRETAGNE;MT;52307;25850;26127;281;3,7;1,1;696;2;Bretagne
202302;LFRG;DEAUVILLE-NORMANDIE;MT;1090;331;467;292;0;0;32;0;Normandie
202302;LFRK;CAEN-CARPIQUET;MT;11524;5660;5860;2;0;0,2;197;1;Normandie
202302;LFRN;RENNES-ST-JACQUES;MT;57193;25503;24929;0;301,3;374,9;522;65;Bretagne
202302;LFRS;NANTES-ATLANTIQUE;MT;382681;188391;183973;990;483;449,7;2672;83;Pays de la Loire
202302;LFRZ;ST-NAZAIRE-MONTOIR;MT;19218;299;257;155;1027,7;823;40;81;Pays de la Loire
202302;LFSB;BALE-MULHOUSE;MT;494695;226821;217251;178;3126,7;1917,8;3473;432;Grand Est
202302;LFSL;BRIVE-SOUILLAC;MT;3607;1918;1689;0;0;0;104;0;Nouvelle-Aquitaine
202302;LFST;STRASBOURG-ENTZHEIM;MT;59467;29979;29179;291;0,9;0,9;662;0;Grand Est
202302;LFTH;TOULON-HYERES;MT;20240;9932;10308;0;0;0;261;0;Provence-Alpes-Côte d'Azur
202302;LFTW;NIMES-GARONS;MT;10535;5381;5112;0;4,2;0;82;0;Occitanie
202302;LFVP;ST-PIERRE-POINTE BLANCHE;OM;1985;1038;804;0;1,8;12,5;172;0;Saint-Pierre-et-Miquelon
202302;NLWF;FUTUNA;OM;1059;617;422;0;1;1,1;99;3;Wallis-et-Futuna
202302;NLWW;WALLIS-HIHIFO;OM;3698;1608;2002;0;2,4;6,4;121;3;Wallis-et-Futuna
202302;NTAA;TAHITI FAA'A;OM;114795;52580;53217;1435;309,9;446,4;1627;41;Polynésie française
202302;NTAR;RURUTU;OM;2072;821;752;451;0,4;4,4;46;0;Polynésie française
202302;NTAT;TUBUAI MATAURA;OM;1833;743;744;310;0;3,6;38;0;Polynésie française
202302;NTGC;TIKEHAU;OM;3373;1172;1173;1001;0,1;2,5;82;0;Polynésie française
202302;NTGF;FAKARAVA;OM;2459;1106;1140;174;0;3,9;52;0;Polynésie française
202302;NTMD;NUKU HIVA;OM;3535;1493;1508;459;1,7;5,8;110;0;Polynésie française
202302;NTMN;HIVA OA-ATUONA;OM;2388;964;962;411;0,6;4,5;50;0;Polynésie française
202302;NTTB;BORA BORA;OM;25597;11798;11820;1831;3;11,7;596;0;Polynésie française
202302;NTTG;RANGIROA;OM;7915;2948;3096;1711;6,1;9,8;196;0;Polynésie française
202302;NTTH;HUAHINE;OM;10630;3570;3644;3320;4,4;5,2;275;0;Polynésie française
202302;NTTM;MOOREA;OM;2638;1475;648;506;0,3;0,5;84;0;Polynésie française
202302;NTTO;HAO;OM;1245;285;254;681;0,4;2,1;38;0;Polynésie française
202302;NTTP;MAUPITI;OM;2729;1333;1339;20;0;3,7;99;0;Polynésie française
202302;NTTR;RAIATEA;OM;19691;8779;8766;1955;5;14;459;1;Polynésie française
202302;NWWE;ILE DES PINS;OM;7176;3586;3445;0;4,4;10,1;134;0;Nouvelle-Calédonie
202302;NWWL;LIFOU;OM;12173;6226;5616;0;9,2;23,9;318;6;Nouvelle-Calédonie
202302;NWWM;NOUMEA MAGENTA;OM;30471;13474;16186;0;57,7;23,4;671;6;Nouvelle-Calédonie
202302;NWWR;MARE;OM;6107;3166;2763;0;5,4;12,4;158;6;Nouvelle-Calédonie
202302;NWWV;OUVEA;OM;5302;2804;2343;0;4,9;10,7;154;2;Nouvelle-Calédonie
202302;NWWW;NOUMEA LA TONTOUTA;OM;39236;14724;21342;6;53,6;262,8;278;0;Nouvelle-Calédonie
202302;SOCA;CAYENNE-FELIX EBOUE;OM;35407;17260;16029;0;59;152,8;378;14;Guyane
202302;SOOA;MARIPASOULA;OM;1949;746;752;355;0,2;9,4;218;10;Guyane
202302;TFFF;MARTINIQUE-AIME CESAIRE;OM;193000;90523;89787;3898;198,5;680,7;1398;46;Martinique
202302;TFFG;ST-MARTIN-GRAND-CASE;OM;15193;7404;7491;0;12,1;17,6;517;27;Saint-Martin
202302;TFFJ;ST-BARTHELEMY;OM;23876;12038;11532;0;8;22,6;4112;91;Saint-Barthélemy
202303;FMCZ;MAYOTTE-MARCEL HENRY;OM;30925;12543;15468;0;20,8;270,6;287;0;Mayotte
202303;FMEE;LA REUNION-ROLAND GARROS;OM;212741;96018;88042;2893;543,8;2035,1;1156;3;La Réunion
202303;FMEP;ST-PIERRE-PIERREFONDS;OM;2060;1030;1030;0;0;0;22;0;La Réunion
202303;LFAQ;ALBERT-BRAY;MT;1185;89;133;0;61,7;34,6;65;13;Hauts-de-France
202303;LFBD;BORDEAUX-MERIGNAC;MT;398164;190248;196528;1410;441,1;556,7;3049;92;Nouvelle-Aquitaine
202303;LFBE;BERGERAC-DORDOGNE-PERIGORD;MT;7756;3625;4131;0;0;0;77;0;Nouvelle-Aquitaine
202303;LFBH;LA ROCHELLE-ILE DE RE;MT;3054;1469;1577;8;0;0;67;0;Nouvelle-Aquitaine
202303;LFBI;POITIERS-BIARD;MT;4333;2034;2185;114;0;0;58;0;Nouvelle-Aquitaine
202303;LFBL;LIMOGES-BELLEGARDE;MT;14280;6861;7419;0;0;0;199;0;Nouvelle-Aquitaine
202303;LFBO;TOULOUSE-BLAGNAC;MT;608862;277110;295521;895;1078;2455,6;4861;318;Occitanie
202303;LFBP;PAU-PYRENEES;MT;27099;13504;12815;0;54,1;23,9;354;4;Nouvelle-Aquitaine
202303;LFBT;TARBES-LOURDES-PYRENEES;MT;28826;13994;14832;0;0;0;226;0;Occitanie
202303;LFBZ;BIARRITZ-PAYS-BASQUE;MT;48112;23942;24170;0;0;0;498;0;Nouvelle-Aquitaine
202303;LFCK;CASTRES-MAZAMET;MT;4086;2034;2052;0;0;0;129;0;Occitanie
202303;LFCR;RODEZ-AVEYRON;MT;3328;1666;1662;0;0;0;120;0;Occitanie
202303;LFGJ;DOLE-TAVAUX;MT;10018;5123;4895;0;0;0;62;0;Bourgogne-Franche-Comté
202303;LFJL;METZ-NANCY-LORRAINE;MT;6582;3016;3566;0;0;0;176;0;Grand Est
202303;LFKB;BASTIA-PORETTA;MT;71615;31560;33928;175;131,9;463,3;657;107;Corse
202303;LFKC;CALVI-STE-CATHERINE;MT;9539;4485;5049;0;0;0,5;156;0;Corse
202303;LFKF;FIGARI-SUD-CORSE;MT;15151;7096;7967;88;0;0;275;0;Corse
202303;LFKJ;AJACCIO-NAPOLEON-BONAPARTE;MT;72753;32104;35502;0;88,3;426,4;629;97;Corse
202303;LFLB;CHAMBERY-AIX-LES-BAINS;MT;40923;20059;20465;55;22,1;12,3;1418;0;Auvergne-Rhône-Alpes
202303;LFLC;CLERMONT-FERRAND-AUVERGNE;MT;19878;9672;9469;0;36,8;37;365;4;Auvergne-Rhône-Alpes
202303;LFLL;LYON-ST-EXUPERY;MT;796553;368778;377584;1116;2398,9;2508,6;6427;263;Auvergne-Rhône-Alpes
202303;LFLS;GRENOBLE-ALPES-ISERE;MT;62624;30323;32297;4;0;0;718;2;Auvergne-Rhône-Alpes
202303;LFLW;AURILLAC;MT;3198;1644;1554;0;0;0;125;0;Auvergne-Rhône-Alpes
202303;LFMK;CARCASSONNE-SALVAZA;MT;13306;6276;7030;0;0;0;102;0;Occitanie
202303;LFML;MARSEILLE-PROVENCE;MT;729723;329943;348846;3883;2311;2394,1;5967;530;Provence-Alpes-Côte d'Azur
202303;LFMN;NICE-COTE D'AZUR;MT;882960;426311;447536;375;531;342,8;9538;45;Provence-Alpes-Côte d'Azur
202303;LFMP;PERPIGNAN-RIVESALTES;MT;23490;11492;11998;0;0;0;153;0;Occitanie
202303;LFMT;MONTPELLIER-MEDITERRANEE;MT;117096;53866;58347;271;276,4;184,8;866;70;Occitanie
202303;LFMU;BEZIERS-VIAS;MT;7546;3599;3947;0;0;0;62;0;Occitanie
202303;LFOB;BEAUVAIS-TILLE;MT;403082;198620;204309;153;0;0;2388;0;Hauts-de-France
202303;LFOK;CHALONS-VATRY;MT;6010;1974;1958;0;150,7;57,1;36;33;Grand Est
202303;LFOT;TOURS-VAL DE LOIRE;MT;12233;6139;6090;4;0;0;84;0;Centre-Val de Loire
202303;LFPB;PARIS-LE BOURGET;MT;8941;4622;4319;0;0;0;4827;0;Île-de-France
202303;LFPG;PARIS-CHARLES DE GAULLE;MT;6733545;2459869;2652498;584;83520,4;78539;31047;3702;Île-de-France
202303;LFPO;PARIS-ORLY;MT;2376029;1105999;1198955;10;4257,3;2849,3;14178;1;Île-de-France
202303;LFQQ;LILLE-LESQUIN;MT;105745;51773;53784;185;0,2;0,2;835;0;Hauts-de-France
202303;LFRB;BREST-BRETAGNE;MT;52532;26253;26088;134;4,1;1,6;783;0;Bretagne
202303;LFRK;CAEN-CARPIQUET;MT;9403;4866;4527;0;1;0;174;2;Normandie
202303;LFRN;RENNES-ST-JACQUES;MT;59153;24824;25314;164;401,4;483,7;542;80;Bretagne
202303;LFRQ;QUIMPER-PLUGUFFAN;MT;1106;607;387;112;0;0;87;0;Bretagne
202303;LFRS;NANTES-ATLANTIQUE;MT;398321;191734;196175;592;485,3;496,7;2877;82;Pays de la Loire
202303;LFRZ;ST-NAZAIRE-MONTOIR;MT;21124;329;310;207;1141,6;886,3;52;86;Pays de la Loire
202303;LFSB;BALE-MULHOUSE;MT;587426;267361;261013;178;3574,6;2312,8;4132;506;Grand Est
202303;LFSL;BRIVE-SOUILLAC;MT;5897;2961;2899;37;0;0;132;0;Nouvelle-Aquitaine
202303;LFST;STRASBOURG-ENTZHEIM;MT;27095;12880;14043;161;0,5;0,6;297;0;Grand Est
202303;LFTH;TOULON-HYERES;MT;15395;7928;7463;4;0;0;278;0;Provence-Alpes-Côte d'Azur
202303;LFTW;NIMES-GARONS;MT;12361;6224;6137;0;0;0;93;0;Occitanie
202303;LFVP;ST-PIERRE-POINTE BLANCHE;OM;2501;1088;1249;0;4,5;12;187;1;Saint-Pierre-et-Miquelon
202303;NLWF;FUTUNA;OM;1121;486;611;0;1,1;1,3;122;0;Wallis-et-Futuna
202303;NLWW;WALLIS-HIHIFO;OM;3208;1570;1508;0;2,3;10,7;142;0;Wallis-et-Futuna
202303;NTAA;TAHITI FAA'A;OM;127681;58699;58607;765;409;552;1934;104;Polynésie française
202303;NTAR;RURUTU;OM;1697;639;614;406;0,1;3,7;42;2;Polynésie française
202303;NTAT;TUBUAI MATAURA;OM;1619;625;599;361;0,1;3,3;39;1;Polynésie française
202303;NTGC;TIKEHAU;OM;3541;1224;1292;990;0,1;3,3;89;1;Polynésie française
202303;NTGF;FAKARAVA;OM;2777;1283;1237;218;0,2;3,7;58;2;Polynésie française
202303;NTMD;NUKU HIVA;OM;3571;1435;1478;570;2;6,8;127;1;Polynésie française
202303;NTMN;HIVA OA-ATUONA;OM;2541;1021;1018;445;0,3;5,3;69;1;Polynésie française
202303;NTTB;BORA BORA;OM;27138;12442;12681;1860;3,3;12,2;707;13;Polynésie française
202303;NTTG;RANGIROA;OM;8386;3314;3204;1666;9,1;11,1;247;7;Polynésie française
202303;NTTH;HUAHINE;OM;10841;3787;4000;2958;3,4;6,2;295;7;Polynésie française
202303;NTTM;MOOREA;OM;2920;1675;890;347;0,3;0,5;89;1;Polynésie française
202303;NTTO;HAO;OM;1447;455;355;607;0,3;2,7;50;0;Polynésie française
202303;NTTP;MAUPITI;OM;2286;1134;1101;4;0,2;4,5;77;3;Polynésie française
202303;NTTR;RAIATEA;OM;19517;8654;8748;1892;6,5;15,8;551;14;Polynésie française
202303;NWWE;ILE DES PINS;OM;7768;3748;3845;0;4,9;12,6;142;0;Nouvelle-Calédonie
202303;NWWL;LIFOU;OM;11591;5375;5824;0;12,4;26,8;318;7;Nouvelle-Calédonie
202303;NWWM;NOUMEA MAGENTA;OM;30360;14669;14718;0;68,3;29,1;681;5;Nouvelle-Calédonie
202303;NWWR;MARE;OM;6004;2769;3026;0;6,7;14,2;190;4;Nouvelle-Calédonie
202303;NWWV;OUVEA;OM;5170;2303;2671;0;5,3;14,3;158;2;Nouvelle-Calédonie
202303;NWWW;NOUMEA LA TONTOUTA;OM;34626;16347;15070;0;47,8;273,1;264;2;Nouvelle-Calédonie
202303;SOCA;CAYENNE-FELIX EBOUE;OM;39139;18670;17725;0;82,1;192,3;431;37;Guyane
202303;SOOA;MARIPASOULA;OM;2526;989;920;447;0,3;16,6;264;20;Guyane
202303;TFFF;MARTINIQUE-AIME CESAIRE;OM;188089;90811;79940;4482;518,2;767,4;1441;54;Martinique
202303;TFFG;ST-MARTIN-GRAND-CASE;OM;15706;7588;7775;0;15,6;18,7;582;32;Saint-Martin
202303;TFFJ;ST-BARTHELEMY;OM;23726;11952;11396;7;9,7;27,4;4275;109;Saint-Barthélemy
202304;FMCZ;MAYOTTE-MARCEL HENRY;OM;30733;15151;11889;294;29,3;310,6;303;0;Mayotte
202304;FMEE;LA REUNION-ROLAND GARROS;OM;209113;89591;92488;2164;569,9;1917,2;1091;2;La Réunion
202304;FMEP;ST-PIERRE-PIERREFONDS;OM;1512;756;756;0;0;0;18;0;La Réunion
202304;LFAQ;ALBERT-BRAY;MT;1187;75;79;0;72,8;30,5;46;12;Hauts-de-France
202304;LFBD;BORDEAUX-MERIGNAC;MT;592382;294412;288120;1592;376;449,9;4299;77;Nouvelle-Aquitaine
202304;LFBE;BERGERAC-DORDOGNE-PERIGORD;MT;18754;9523;9148;83;0;0;143;0;Nouvelle-Aquitaine
202304;LFBH;LA ROCHELLE-ILE DE RE;MT;18942;9508;9347;87;0;0;204;0;Nouvelle-Aquitaine
202304;LFBI;POITIERS-BIARD;MT;10277;5188;5085;4;0;0;77;0;Nouvelle-Aquitaine
202304;LFBL;LIMOGES-BELLEGARDE;MT;22228;11363;10865;0;0;0;262;0;Nouvelle-Aquitaine
202304;LFBO;TOULOUSE-BLAGNAC;MT;684717;340105;314598;397;917,3;2044,4;5380;267;Occitanie
202304;LFBP;PAU-PYRENEES;MT;35316;16913;17859;84;26,1;19,8;442;4;Nouvelle-Aquitaine
202304;LFBT;TARBES-LOURDES-PYRENEES;MT;56466;28162;28304;0;0;0;397;0;Occitanie
202304;LFBZ;BIARRITZ-PAYS-BASQUE;MT;82444;38948;43496;0;0;0;732;0;Nouvelle-Aquitaine
202304;LFCK;CASTRES-MAZAMET;MT;3848;1906;1942;0;0;0;125;0;Occitanie
202304;LFCR;RODEZ-AVEYRON;MT;4842;2426;2416;0;0;0;116;0;Occitanie
202304;LFGJ;DOLE-TAVAUX;MT;11804;6183;5621;0;0;0;72;0;Bourgogne-Franche-Comté
202304;LFJL;METZ-NANCY-LORRAINE;MT;6049;3642;2407;0;0;0;136;0;Grand Est
202304;LFKB;BASTIA-PORETTA;MT;119656;52238;61164;0;139,5;485,9;1029;99;Corse
202304;LFKC;CALVI-STE-CATHERINE;MT;20794;9226;11403;160;0,1;0,4;288;0;Corse
202304;LFKF;FIGARI-SUD-CORSE;MT;51360;23114;28236;10;0;0;605;0;Corse
202304;LFKJ;AJACCIO-NAPOLEON-BONAPARTE;MT;131859;58607;68383;0;77,4;409,5;989;85;Corse
202304;LFLB;CHAMBERY-AIX-LES-BAINS;MT;22084;13075;8822;14;13,3;4;567;0;Auvergne-Rhône-Alpes
202304;LFLC;CLERMONT-FERRAND-AUVERGNE;MT;20897;10620;10254;21;0,1;0,2;376;0;Auvergne-Rhône-Alpes
202304;LFLL;LYON-ST-EXUPERY;MT;881597;434774;404606;1946;2037,8;1989,3;6983;238;Auvergne-Rhône-Alpes
202304;LFLS;GRENOBLE-ALPES-ISERE;MT;24188;14151;10030;7;0;0;251;0;Auvergne-Rhône-Alpes
202304;LFLW;AURILLAC;MT;2825;1373;1452;0;0;0;108;0;Auvergne-Rhône-Alpes
202304;LFLX;CHATEAUROUX-DEOLS;MT;2148;176;681;0;123,9;5,2;5;7;Centre-Val de Loire
202304;LFLY;LYON-BRON;MT;1088;490;587;11;0;0;204;0;Auvergne-Rhône-Alpes
202304;LFMK;CARCASSONNE-SALVAZA;MT;25408;13148;12259;0;0;0,1;184;0;Occitanie
202304;LFML;MARSEILLE-PROVENCE;MT;980969;487035;446645;4052;2282;2041,8;7748;482;Provence-Alpes-Côte d'Azur
202304;LFMN;NICE-COTE D'AZUR;MT;1223424;610417;603582;129;533,4;396,2;12687;45;Provence-Alpes-Côte d'Azur
202304;LFMP;PERPIGNAN-RIVESALTES;MT;36738;18455;18283;0;0;0;263;0;Occitanie
202304;LFMT;MONTPELLIER-MEDITERRANEE;MT;134916;67817;66885;214;0;0;1049;0;Occitanie
202304;LFMU;BEZIERS-VIAS;MT;24516;12273;12243;0;0;0;182;0;Occitanie
202304;LFOB;BEAUVAIS-TILLE;MT;498530;258821;239709;0;0;0;2899;0;Hauts-de-France
202304;LFOH;LE HAVRE-OCTEVILLE;MT;2348;1418;929;1;0;0;26;0;Normandie
202304;LFOK;CHALONS-VATRY;MT;8955;3416;3127;0;95,5;145,7;54;6;Grand Est
202304;LFOT;TOURS-VAL DE LOIRE;MT;20682;10765;9917;0;0;0;135;0;Centre-Val de Loire
202304;LFPB;PARIS-LE BOURGET;MT;7391;3686;3705;0;0;0;3990;0;Île-de-France
202304;LFPG;PARIS-CHARLES DE GAULLE;MT;6928514;2827043;2659671;1701;74153,5;69856,4;33758;3196;Île-de-France
202304;LFPO;PARIS-ORLY;MT;2747938;1416732;1265497;8;3622,1;2948;17103;0;Île-de-France
202304;LFQQ;LILLE-LESQUIN;MT;155707;82405;72969;332;0,1;0;1165;0;Hauts-de-France
202304;LFRB;BREST-BRETAGNE;MT;70592;35104;35352;100;2,9;0,8;833;0;Bretagne
202304;LFRG;DEAUVILLE-NORMANDIE;MT;4704;2798;1806;100;0;0;99;0;Normandie
202304;LFRK;CAEN-CARPIQUET;MT;24875;13065;11808;2;0;0;297;0;Normandie
202304;LFRN;RENNES-ST-JACQUES;MT;60604;26158;26202;184;362,1;443,9;521;71;Bretagne
202304;LFRS;NANTES-ATLANTIQUE;MT;532980;271173;251564;520;488,6;483,8;3787;83;Pays de la Loire
202304;LFRZ;ST-NAZAIRE-MONTOIR;MT;18560;249;227;158;1010,2;782,4;34;84;Pays de la Loire
202304;LFSB;BALE-MULHOUSE;MT;783558;381850;354114;193;2913,9;1826,2;5278;487;Grand Est
202304;LFSL;BRIVE-SOUILLAC;MT;10748;5262;5486;0;0;0;155;0;Nouvelle-Aquitaine
202304;LFST;STRASBOURG-ENTZHEIM;MT;49268;26049;23042;138;1;3;472;0;Grand Est
202304;LFTH;TOULON-HYERES;MT;26810;12440;14363;7;0;0;649;0;Provence-Alpes-Côte d'Azur
202304;LFTW;NIMES-GARONS;MT;23105;12075;11026;4;0;0;177;0;Occitanie
202304;LFVP;ST-PIERRE-POINTE BLANCHE;OM;3105;1684;1298;0;1,7;10,6;219;1;Saint-Pierre-et-Miquelon
202304;NLWW;WALLIS-HIHIFO;OM;3186;1497;1589;0;2,2;7,9;120;1;Wallis-et-Futuna
202304;NTAA;TAHITI FAA'A;OM;153116;70917;72028;1312;370,9;515;2260;84;Polynésie française
202304;NTAR;RURUTU;OM;2574;957;984;589;0,1;4,3;58;0;Polynésie française
202304;NTAT;TUBUAI MATAURA;OM;2293;851;898;504;0,3;3,7;52;0;Polynésie française
202304;NTAV;RAIVAVAE;OM;1019;387;356;260;0,2;1,4;24;0;Polynésie française
202304;NTGC;TIKEHAU;OM;4433;1780;1765;852;0,3;3,3;100;0;Polynésie française
202304;NTGF;FAKARAVA;OM;3763;1648;1677;394;0;4,3;76;0;Polynésie française
202304;NTGU;ARUTUA;OM;1033;398;357;240;0,3;3,5;28;0;Polynésie française
202304;NTMD;NUKU HIVA;OM;5003;2164;2168;595;2,1;5,5;163;1;Polynésie française
202304;NTMN;HIVA OA-ATUONA;OM;3459;1479;1498;439;0;4,3;78;0;Polynésie française
202304;NTTB;BORA BORA;OM;33079;15642;15420;1851;3;13,6;803;0;Polynésie française
202304;NTTG;RANGIROA;OM;11605;4526;4779;2135;6,2;10,3;308;0;Polynésie française
202304;NTTH;HUAHINE;OM;13872;5721;5651;2406;2,6;6,9;314;0;Polynésie française
202304;NTTM;MOOREA;OM;4449;2578;1464;401;0,3;0,3;116;0;Polynésie française
202304;NTTO;HAO;OM;1581;329;415;809;0,2;2,6;58;0;Polynésie française
202304;NTTP;MAUPITI;OM;3440;1767;1625;0;0,2;4,6;104;0;Polynésie française
202304;NTTR;RAIATEA;OM;26648;11826;12043;2555;5,4;17;665;1;Polynésie française
202304;NWWE;ILE DES PINS;OM;9343;4510;4679;0;4;11,3;176;0;Nouvelle-Calédonie
202304;NWWL;LIFOU;OM;13325;6315;6699;0;10;21,1;359;7;Nouvelle-Calédonie
202304;NWWM;NOUMEA MAGENTA;OM;36487;17776;17888;0;57,9;24,4;802;5;Nouvelle-Calédonie
202304;NWWR;MARE;OM;7281;3128;3979;0;4,7;12,6;225;6;Nouvelle-Calédonie
202304;NWWV;OUVEA;OM;6960;3359;3407;0;6,7;12,7;191;5;Nouvelle-Calédonie
202304;NWWW;NOUMEA LA TONTOUTA;OM;43629;20054;20575;0;49,2;250,8;315;0;Nouvelle-Calédonie
202304;SOCA;CAYENNE-FELIX EBOUE;OM;41553;19966;19438;0;46,9;168;432;31;Guyane
202304;SOOA;MARIPASOULA;OM;2790;1108;1209;338;0,1;13,4;248;17;Guyane
202304;TFFF;MARTINIQUE-AIME CESAIRE;OM;191761;90618;83712;4825;682;578,5;1433;40;Martinique
202304;TFFG;ST-MARTIN-GRAND-CASE;OM;20360;9658;10403;4;12,2;17,3;612;34;Saint-Martin
202304;TFFJ;ST-BARTHELEMY;OM;21761;11214;10274;0;8,2;19,1;3903;78;Saint-Barthélemy
202305;FMCZ;MAYOTTE-MARCEL HENRY;OM;36414;14820;17738;607;49,9;275;328;0;Mayotte
202305;FMEE;LA REUNION-ROLAND GARROS;OM;243045;115940;99919;2865;538,7;1893,4;1207;6;La Réunion
202305;FMEP;ST-PIERRE-PIERREFONDS;OM;1552;776;776;0;0;0;18;0;La Réunion
202305;LFAQ;ALBERT-BRAY;MT;1135;148;83;8;60,4;29,3;58;9;Hauts-de-France
202305;LFBD;BORDEAUX-MERIGNAC;MT;651075;315124;326221;1178;376;479,1;4871;76;Nouvelle-Aquitaine
202305;LFBE;BERGERAC-DORDOGNE-PERIGORD;MT;23123;10894;12229;0;0;0;208;0;Nouvelle-Aquitaine
202305;LFBH;LA ROCHELLE-ILE DE RE;MT;24619;12091;12528;0;0;0;235;0;Nouvelle-Aquitaine
202305;LFBI;POITIERS-BIARD;MT;10046;4842;5200;4;0;0;91;0;Nouvelle-Aquitaine
202305;LFBL;LIMOGES-BELLEGARDE;MT;23058;10981;12056;21;0;0;260;0;Nouvelle-Aquitaine
202305;LFBO;TOULOUSE-BLAGNAC;MT;756766;351232;375472;617;984,1;1960,4;5869;267;Occitanie
202305;LFBP;PAU-PYRENEES;MT;34289;17295;16900;94;0;0;450;0;Nouvelle-Aquitaine
202305;LFBT;TARBES-LOURDES-PYRENEES;MT;72789;35520;37267;0;0,1;0;514;0;Occitanie
202305;LFBZ;BIARRITZ-PAYS-BASQUE;MT;86657;42104;44553;0;0;0;807;0;Nouvelle-Aquitaine
202305;LFCK;CASTRES-MAZAMET;MT;3918;1993;1925;0;0;0;119;0;Occitanie
202305;LFCR;RODEZ-AVEYRON;MT;5223;2698;2525;0;0;0;128;0;Occitanie
202305;LFGJ;DOLE-TAVAUX;MT;11923;5967;5956;0;0;0;90;0;Bourgogne-Franche-Comté
202305;LFJL;METZ-NANCY-LORRAINE;MT;9876;4645;5231;0;0;0;162;0;Grand Est
202305;LFKB;BASTIA-PORETTA;MT;154530;72201;76232;336;124;452,1;1292;98;Corse
202305;LFKC;CALVI-STE-CATHERINE;MT;33913;16614;17294;0;0;0,5;477;0;Corse
202305;LFKF;FIGARI-SUD-CORSE;MT;79409;39264;40144;0;0;0,1;960;0;Corse
202305;LFKJ;AJACCIO-NAPOLEON-BONAPARTE;MT;169548;82147;82203;97;72,9;437,3;1224;88;Corse
202305;LFLC;CLERMONT-FERRAND-AUVERGNE;MT;21034;10288;10402;1;0,1;34,2;388;2;Auvergne-Rhône-Alpes
202305;LFLL;LYON-ST-EXUPERY;MT;940720;443871;457829;183;1960,4;1923,3;7525;238;Auvergne-Rhône-Alpes
202305;LFLW;AURILLAC;MT;3415;1811;1604;0;0;0;121;0;Auvergne-Rhône-Alpes
202305;LFLX;CHATEAUROUX-DEOLS;MT;2551;441;615;0;117,7;31,8;7;8;Centre-Val de Loire
202305;LFMD;CANNES-MANDELIEU;MT;1462;715;747;0;0;0;1052;2;Provence-Alpes-Côte d'Azur
202305;LFMK;CARCASSONNE-SALVAZA;MT;27029;12494;14535;0;0;0;192;0;Occitanie
202305;LFML;MARSEILLE-PROVENCE;MT;1106460;510167;549260;2852;2355;2063;8576;477;Provence-Alpes-Côte d'Azur
202305;LFMN;NICE-COTE D'AZUR;MT;1402847;683014;711214;353;441,2;385,5;16611;41;Provence-Alpes-Côte d'Azur
202305;LFMP;PERPIGNAN-RIVESALTES;MT;46124;22357;23767;0;0;0;329;0;Occitanie
202305;LFMT;MONTPELLIER-MEDITERRANEE;MT;157842;75818;81807;217;0;0,1;1197;0;Occitanie
202305;LFMU;BEZIERS-VIAS;MT;25402;12040;13361;1;0;0;175;0;Occitanie
202305;LFOB;BEAUVAIS-TILLE;MT;503363;247507;255784;72;0;0;2890;0;Hauts-de-France
202305;LFOH;LE HAVRE-OCTEVILLE;MT;2029;926;1103;0;0;0;25;0;Normandie
202305;LFOK;CHALONS-VATRY;MT;10639;3104;3246;48;221,2;202,9;66;17;Grand Est
202305;LFOT;TOURS-VAL DE LOIRE;MT;21408;10597;10811;0;0;0;154;0;Centre-Val de Loire
202305;LFPB;PARIS-LE BOURGET;MT;9635;4829;4806;0;0;0;5246;0;Île-de-France
202305;LFPG;PARIS-CHARLES DE GAULLE;MT;7416980;2825098;3093365;2274;76851,8;72772,5;36243;3424;Île-de-France
202305;LFPO;PARIS-ORLY;MT;3012910;1410435;1543563;170;3811,1;2063,1;18697;2;Île-de-France
202305;LFQQ;LILLE-LESQUIN;MT;192166;95919;95872;370;0,5;0;1414;0;Hauts-de-France
202305;LFRB;BREST-BRETAGNE;MT;80125;39922;39840;304;4,3;1,5;960;5;Bretagne
202305;LFRG;DEAUVILLE-NORMANDIE;MT;12259;6286;5759;204;0,5;0,5;170;0;Normandie
202305;LFRK;CAEN-CARPIQUET;MT;35859;18091;17760;8;0;0;397;0;Normandie
202305;LFRN;RENNES-ST-JACQUES;MT;65161;28189;28600;91;371;457,1;567;70;Bretagne
202305;LFRS;NANTES-ATLANTIQUE;MT;652044;317653;324865;978;434;420,8;4703;78;Pays de la Loire
202305;LFRZ;ST-NAZAIRE-MONTOIR;MT;17967;309;300;170;990;728,9;44;77;Pays de la Loire
202305;LFSB;BALE-MULHOUSE;MT;797645;380970;377908;94;2473,2;1394,2;5542;512;Grand Est
202305;LFSL;BRIVE-SOUILLAC;MT;10389;5154;5235;0;0;0;170;0;Nouvelle-Aquitaine
202305;LFST;STRASBOURG-ENTZHEIM;MT;102160;50726;50843;567;0,9;1,5;983;0;Grand Est
202305;LFTH;TOULON-HYERES;MT;27716;13849;13841;26;0;0;916;0;Provence-Alpes-Côte d'Azur
202305;LFTW;NIMES-GARONS;MT;26277;12843;13434;0;0;0;196;0;Occitanie
202305;LFVP;ST-PIERRE-POINTE BLANCHE;OM;2769;1090;1537;0;1,1;13,1;206;2;Saint-Pierre-et-Miquelon
202305;NLWF;FUTUNA;OM;1037;506;498;0;1,7;1,5;111;0;Wallis-et-Futuna
202305;NLWW;WALLIS-HIHIFO;OM;3271;1611;1526;0;2,4;11,1;137;0;Wallis-et-Futuna
202305;NTAA;TAHITI FAA'A;OM;144997;67026;67856;729;450,9;487,7;2187;90;Polynésie française
202305;NTAR;RURUTU;OM;2163;810;813;497;0,3;4;50;0;Polynésie française
202305;NTAT;TUBUAI MATAURA;OM;1948;771;701;431;1;3,5;48;0;Polynésie française
202305;NTGC;TIKEHAU;OM;4426;1810;1787;793;0,1;3,5;96;0;Polynésie française
202305;NTGF;FAKARAVA;OM;3860;1769;1755;279;0,5;5,2;74;0;Polynésie française
202305;NTMD;NUKU HIVA;OM;5060;2175;2124;686;1,6;5,9;170;0;Polynésie française
202305;NTMN;HIVA OA-ATUONA;OM;3330;1431;1432;420;0,1;4,5;70;0;Polynésie française
202305;NTTB;BORA BORA;OM;33811;15932;15592;2140;2,9;11,8;842;2;Polynésie française
202305;NTTG;RANGIROA;OM;12203;5149;5054;1838;4,6;11,6;320;0;Polynésie française
202305;NTTH;HUAHINE;OM;14000;5689;5739;2481;2,5;6,5;334;0;Polynésie française
202305;NTTM;MOOREA;OM;5397;3252;1764;374;0,4;0,4;140;0;Polynésie française
202305;NTTO;HAO;OM;1313;290;277;721;0,4;2,1;42;0;Polynésie française
202305;NTTP;MAUPITI;OM;3353;1681;1605;24;0,2;4,1;112;0;Polynésie française
202305;NTTR;RAIATEA;OM;27168;12143;12094;2730;5,5;14,7;678;0;Polynésie française
202305;NWWE;ILE DES PINS;OM;8032;3939;3948;0;4,7;9,8;171;1;Nouvelle-Calédonie
202305;NWWL;LIFOU;OM;13604;6452;6826;0;9,3;23,2;370;6;Nouvelle-Calédonie
202305;NWWM;NOUMEA MAGENTA;OM;34844;16379;17650;0;57,2;24,3;782;6;Nouvelle-Calédonie
202305;NWWR;MARE;OM;7520;3677;3653;0;5,7;13,3;226;4;Nouvelle-Calédonie
202305;NWWV;OUVEA;OM;6097;2868;3067;0;5,1;11,1;183;4;Nouvelle-Calédonie
202305;NWWW;NOUMEA LA TONTOUTA;OM;38538;19274;16217;0;77,7;227;288;0;Nouvelle-Calédonie
202305;SOCA;CAYENNE-FELIX EBOUE;OM;39566;19115;17912;0;66,8;187,1;408;24;Guyane
202305;SOOA;MARIPASOULA;OM;2195;804;846;412;0,6;12,8;243;13;Guyane
202305;TFFF;MARTINIQUE-AIME CESAIRE;OM;139260;71247;56946;4530;237,8;416;1309;53;Martinique
202305;TFFG;ST-MARTIN-GRAND-CASE;OM;19659;10077;9201;3;15,5;22,4;671;41;Saint-Martin
202305;TFFJ;ST-BARTHELEMY;OM;17794;8976;8465;0;10,4;24,8;2934;106;Saint-Barthélemy
202306;FMCZ;MAYOTTE-MARCEL HENRY;OM;38928;16077;18982;307;68,9;287,3;316;0;Mayotte
202306;FMEE;LA REUNION-ROLAND GARROS;OM;200666;91895;80118;4427;440,3;1982,3;1104;2;La Réunion
202306;FMEP;ST-PIERRE-PIERREFONDS;OM;1344;672;672;0;0;0;16;0;La Réunion
202306;LFAQ;ALBERT-BRAY;MT;1011;233;140;11;32,3;30,4;69;7;Hauts-de-France
202306;LFBD;BORDEAUX-MERIGNAC;MT;664099;327582;324834;1525;422,1;593,7;4902;88;Nouvelle-Aquitaine
202306;LFBE;BERGERAC-DORDOGNE-PERIGORD;MT;32527;15887;16640;0;0;0;280;0;Nouvelle-Aquitaine
202306;LFBH;LA ROCHELLE-ILE DE RE;MT;30137;14360;15777;0;0;0;276;0;Nouvelle-Aquitaine
202306;LFBI;POITIERS-BIARD;MT;10589;5204;5385;0;0;0;85;0;Nouvelle-Aquitaine
202306;LFBL;LIMOGES-BELLEGARDE;MT;28327;14226;14101;0;0;0;320;0;Nouvelle-Aquitaine
202306;LFBO;TOULOUSE-BLAGNAC;MT;776796;372868;364827;660;1109,9;2734,2;6038;319;Occitanie
202306;LFBP;PAU-PYRENEES;MT;35857;17379;17543;0;53,5;40;442;8;Nouvelle-Aquitaine
202306;LFBT;TARBES-LOURDES-PYRENEES;MT;56375;28100;28275;0;0;0;419;0;Occitanie
202306;LFBZ;BIARRITZ-PAYS-BASQUE;MT;101605;49145;52460;0;0;0;879;0;Nouvelle-Aquitaine
202306;LFCK;CASTRES-MAZAMET;MT;3357;1671;1686;0;0;0;94;0;Occitanie
202306;LFCR;RODEZ-AVEYRON;MT;8716;4213;4503;0;0;0;166;0;Occitanie
202306;LFGJ;DOLE-TAVAUX;MT;9877;5145;4725;7;0;0;82;0;Bourgogne-Franche-Comté
202306;LFJL;METZ-NANCY-LORRAINE;MT;9530;5895;3584;51;0;0;179;0;Grand Est
202306;LFKB;BASTIA-PORETTA;MT;165944;75937;83215;0;149,8;529,4;1312;106;Corse
202306;LFKC;CALVI-STE-CATHERINE;MT;39847;18236;21591;15;0;0,5;542;0;Corse
202306;LFKF;FIGARI-SUD-CORSE;MT;104055;49490;54564;0;0;0,1;1252;0;Corse
202306;LFKJ;AJACCIO-NAPOLEON-BONAPARTE;MT;187249;87133;94294;62;85,2;490,8;1311;97;Corse
202306;LFLC;CLERMONT-FERRAND-AUVERGNE;MT;24457;10658;10237;0;356,1;0,2;429;7;Auvergne-Rhône-Alpes
202306;LFLL;LYON-ST-EXUPERY;MT;952579;469365;436075;2945;2172,2;2247,2;7725;252;Auvergne-Rhône-Alpes
202306;LFLW;AURILLAC;MT;2638;1303;1335;0;0;0;121;0;Auvergne-Rhône-Alpes
202306;LFLX;CHATEAUROUX-DEOLS;MT;1382;0;354;0;75,4;27,5;2;4;Centre-Val de Loire
202306;LFMD;CANNES-MANDELIEU;MT;1336;641;695;0;0;0;1061;0;Provence-Alpes-Côte d'Azur
202306;LFMK;CARCASSONNE-SALVAZA;MT;43122;21151;21971;0;0;0;304;0;Occitanie
202306;LFML;MARSEILLE-PROVENCE;MT;1079412;529114;497730;2845;2625,9;2346,5;8523;554;Provence-Alpes-Côte d'Azur
202306;LFMN;NICE-COTE D'AZUR;MT;1488032;731010;747884;971;472,4;344,3;16541;52;Provence-Alpes-Côte d'Azur
202306;LFMP;PERPIGNAN-RIVESALTES;MT;53363;26347;27016;0;0;0;352;0;Occitanie
202306;LFMT;MONTPELLIER-MEDITERRANEE;MT;157595;80147;77288;160;0;0,1;1247;0;Occitanie
202306;LFMU;BEZIERS-VIAS;MT;36487;17667;18820;0;0;0;245;0;Occitanie
202306;LFOB;BEAUVAIS-TILLE;MT;468508;238530;229888;90;0;0;2730;0;Hauts-de-France
202306;LFOK;CHALONS-VATRY;MT;10180;3325;2940;1;99,7;291,8;62;26;Grand Est
202306;LFOT;TOURS-VAL DE LOIRE;MT;19239;9903;9336;0;0;0;192;0;Centre-Val de Loire
202306;LFPB;PARIS-LE BOURGET;MT;12792;6637;6155;0;0;0;6475;0;Île-de-France
202306;LFPG;PARIS-CHARLES DE GAULLE;MT;7592906;3041761;3017524;3305;79459;73572,6;35820;3504;Île-de-France
202306;LFPO;PARIS-ORLY;MT;3007034;1528786;1417908;560;4167,9;1810,1;18505;0;Île-de-France
202306;LFQQ;LILLE-LESQUIN;MT;196939;101955;93980;1001;0,4;0;1506;0;Hauts-de-France
202306;LFRB;BREST-BRETAGNE;MT;77356;38094;38775;422;5,1;1,4;962;2;Bretagne
202306;LFRG;DEAUVILLE-NORMANDIE;MT;10167;4773;5162;232;0;0;181;0;Normandie
202306;LFRK;CAEN-CARPIQUET;MT;39315;20023;19290;0;0;0,2;461;1;Normandie
202306;LFRM;LE MANS-ARNAGE;MT;8541;4268;4273;0;0;0;1521;0;Pays de la Loire
202306;LFRN;RENNES-ST-JACQUES;MT;61860;26551;26527;0;331,6;546,5;560;81;Bretagne
202306;LFRQ;QUIMPER-PLUGUFFAN;MT;1388;659;729;0;0;0;100;0;Bretagne
202306;LFRS;NANTES-ATLANTIQUE;MT;665692;330492;322870;1292;552,7;551,2;4740;95;Pays de la Loire
202306;LFRZ;ST-NAZAIRE-MONTOIR;MT;22788;508;472;264;1288,2;866,2;58;95;Pays de la Loire
202306;LFSB;BALE-MULHOUSE;MT;798716;376766;368753;160;3236,8;2066,9;5612;575;Grand Est
202306;LFSL;BRIVE-SOUILLAC;MT;10349;5229;5120;0;0;0;168;0;Nouvelle-Aquitaine
202306;LFST;STRASBOURG-ENTZHEIM;MT;103205;52907;49826;452;0,7;1,2;1036;0;Grand Est
202306;LFTH;TOULON-HYERES;MT;31593;14999;16578;16;0;0;1202;0;Provence-Alpes-Côte d'Azur
202306;LFTW;NIMES-GARONS;MT;26867;13582;13285;0;0;0;198;0;Occitanie
202306;LFVP;ST-PIERRE-POINTE BLANCHE;OM;2935;1361;1420;0;1,2;14,2;196;2;Saint-Pierre-et-Miquelon
202306;NLWF;FUTUNA;OM;1230;603;595;0;1,3;1,9;119;0;Wallis-et-Futuna
202306;NLWW;WALLIS-HIHIFO;OM;4123;1955;2063;0;2,5;8;143;0;Wallis-et-Futuna
202306;NTAA;TAHITI FAA'A;OM;143037;66237;66101;906;475,1;504,2;2167;92;Polynésie française
202306;NTAR;RURUTU;OM;2052;796;739;469;0,3;4,5;49;1;Polynésie française
202306;NTAT;TUBUAI MATAURA;OM;1820;698;727;354;0,3;3,7;44;0;Polynésie française
202306;NTGC;TIKEHAU;OM;4062;1542;1669;788;0,4;5,9;96;0;Polynésie française
202306;NTGF;FAKARAVA;OM;3698;1559;1760;321;0,3;5,6;76;0;Polynésie française
202306;NTGU;ARUTUA;OM;1008;281;352;350;0,2;2,3;28;0;Polynésie française
202306;NTMD;NUKU HIVA;OM;4616;1936;1963;645;1,7;5,6;150;0;Polynésie française
202306;NTMN;HIVA OA-ATUONA;OM;2955;1216;1231;457;0,6;4,5;60;0;Polynésie française
202306;NTTB;BORA BORA;OM;31695;14687;14803;2022;3,9;14,4;794;0;Polynésie française
202306;NTTG;RANGIROA;OM;10687;4319;4400;1778;5,4;13,7;310;0;Polynésie française
202306;NTTH;HUAHINE;OM;12593;4836;5259;2406;3,1;6,2;300;0;Polynésie française
202306;NTTM;MOOREA;OM;5900;3528;1819;543;0,5;0,5;162;1;Polynésie française
202306;NTTO;HAO;OM;1462;395;305;735;0,3;2,4;50;0;Polynésie française
202306;NTTP;MAUPITI;OM;3070;1507;1507;7;0,2;4,7;104;0;Polynésie française
202306;NTTR;RAIATEA;OM;24905;10969;11142;2582;5,8;15,5;656;0;Polynésie française
202306;NWWE;ILE DES PINS;OM;7438;3596;3675;0;5;11,7;170;0;Nouvelle-Calédonie
202306;NWWL;LIFOU;OM;15593;7475;7764;0;10,6;24,8;410;9;Nouvelle-Calédonie
202306;NWWM;NOUMEA MAGENTA;OM;38176;18029;19212;0;66,4;27;881;5;Nouvelle-Calédonie
202306;NWWR;MARE;OM;8191;3926;4070;0;5,1;14,4;242;4;Nouvelle-Calédonie
202306;NWWV;OUVEA;OM;7388;3426;3744;0;6,5;15,3;206;3;Nouvelle-Calédonie
202306;NWWW;NOUMEA LA TONTOUTA;OM;40750;18300;20184;0;41,8;184,8;287;0;Nouvelle-Calédonie
202306;SOCA;CAYENNE-FELIX EBOUE;OM;41354;20615;18307;0;56,7;186,5;396;12;Guyane
202306;SOOA;MARIPASOULA;OM;1569;579;686;238;0,1;6,5;194;7;Guyane
202306;TFFF;MARTINIQUE-AIME CESAIRE;OM;121762;54174;56775;4104;170,7;500,2;1194;69;Martinique
202306;TFFG;ST-MARTIN-GRAND-CASE;OM;15760;7692;7773;10;14,5;14;579;41;Saint-Martin
202306;TFFJ;ST-BARTHELEMY;OM;14602;7317;7049;0;6;17,7;2400;93;Saint-Barthélemy
202307;FMCZ;MAYOTTE-MARCEL HENRY;OM;58700;26183;29199;0;55,1;276,7;444;1;Mayotte
202307;FMEE;LA REUNION-ROLAND GARROS;OM;307995;140316;136551;5769;516;2020;1367;1;La Réunion
202307;FMEP;ST-PIERRE-PIERREFONDS;OM;1344;588;756;0;0;0;16;0;La Réunion
202307;LFBD;BORDEAUX-MERIGNAC;MT;717467;364540;342663;2117;320,3;494,3;5043;80;Nouvelle-Aquitaine
202307;LFBE;BERGERAC-DORDOGNE-PERIGORD;MT;41590;20247;21343;0;0;0;337;0;Nouvelle-Aquitaine
202307;LFBH;LA ROCHELLE-ILE DE RE;MT;47796;23428;24368;0;0;0;479;0;Nouvelle-Aquitaine
202307;LFBI;POITIERS-BIARD;MT;11823;5830;5991;2;0;0;149;0;Nouvelle-Aquitaine
202307;LFBL;LIMOGES-BELLEGARDE;MT;34750;16904;17846;0;0;0;331;0;Nouvelle-Aquitaine
202307;LFBO;TOULOUSE-BLAGNAC;MT;720115;362293;331124;444;885,8;1739,5;5351;248;Occitanie
202307;LFBP;PAU-PYRENEES;MT;31449;15150;16299;0;0;0;388;0;Nouvelle-Aquitaine
202307;LFBT;TARBES-LOURDES-PYRENEES;MT;72697;35582;37115;0;0;0;502;0;Occitanie
202307;LFBZ;BIARRITZ-PAYS-BASQUE;MT;144969;68439;76530;0;0;0;1135;0;Nouvelle-Aquitaine
202307;LFCK;CASTRES-MAZAMET;MT;2866;1407;1459;0;0;0;93;0;Occitanie
202307;LFCR;RODEZ-AVEYRON;MT;10997;5365;5632;0;0;0;154;0;Occitanie
202307;LFGJ;DOLE-TAVAUX;MT;11027;6286;4741;0;0;0;78;0;Bourgogne-Franche-Comté
202307;LFJL;METZ-NANCY-LORRAINE;MT;11539;6814;4716;9;0;0;153;0;Grand Est
202307;LFKB;BASTIA-PORETTA;MT;221399;98385;116125;477;151,8;489,4;1869;106;Corse
202307;LFKC;CALVI-STE-CATHERINE;MT;75811;33918;41736;153;0;0,4;896;0;Corse
202307;LFKF;FIGARI-SUD-CORSE;MT;178108;83098;95010;0;0;0;2382;0;Corse
202307;LFKJ;AJACCIO-NAPOLEON-BONAPARTE;MT;249328;113101;131120;91;71,3;430,3;1882;93;Corse
202307;LFLC;CLERMONT-FERRAND-AUVERGNE;MT;24056;10490;9423;3;413,9;0,1;374;9;Auvergne-Rhône-Alpes
202307;LFLL;LYON-ST-EXUPERY;MT;998159;524201;433331;1451;1959,5;1958,1;7548;230;Auvergne-Rhône-Alpes
202307;LFLW;AURILLAC;MT;2716;1312;1404;0;0;0;121;0;Auvergne-Rhône-Alpes
202307;LFLX;CHATEAUROUX-DEOLS;MT;1388;0;0;0;94,4;44,4;0;11;Centre-Val de Loire
202307;LFMD;CANNES-MANDELIEU;MT;1810;894;916;0;0;0;1438;0;Provence-Alpes-Côte d'Azur
202307;LFMK;CARCASSONNE-SALVAZA;MT;51545;25438;26107;0;0;0;344;0;Occitanie
202307;LFML;MARSEILLE-PROVENCE;MT;1179551;597384;535355;3357;2253,6;2091,9;9085;488;Provence-Alpes-Côte d'Azur
202307;LFMN;NICE-COTE D'AZUR;MT;1699861;851626;839019;1675;465,4;288,7;19233;50;Provence-Alpes-Côte d'Azur
202307;LFMP;PERPIGNAN-RIVESALTES;MT;59146;28860;30286;0;0;0;383;0;Occitanie
202307;LFMT;MONTPELLIER-MEDITERRANEE;MT;201878;103549;97934;395;0;0;1522;0;Occitanie
202307;LFMU;BEZIERS-VIAS;MT;43564;21486;22078;0;0;0;283;0;Occitanie
202307;LFOB;BEAUVAIS-TILLE;MT;509681;274664;234955;62;0;0;3013;0;Hauts-de-France
202307;LFOK;CHALONS-VATRY;MT;11561;3440;2544;0;357,8;199,9;55;31;Grand Est
202307;LFOT;TOURS-VAL DE LOIRE;MT;22393;11768;10625;0;0;0;187;0;Centre-Val de Loire
202307;LFPB;PARIS-LE BOURGET;MT;10609;5427;5182;0;0;0;5541;0;Île-de-France
202307;LFPG;PARIS-CHARLES DE GAULLE;MT;8080780;3475517;3087208;5198;80017,7;71268;37752;3289;Île-de-France
202307;LFPO;PARIS-ORLY;MT;3260036;1761140;1441543;734;4040,3;1621,6;19609;2;Île-de-France
202307;LFQQ;LILLE-LESQUIN;MT;192791;103031;89577;182;0,1;0;1416;0;Hauts-de-France
202307;LFRB;BREST-BRETAGNE;MT;81811;40180;41325;245;4,7;1,4;913;1;Bretagne
202307;LFRG;DEAUVILLE-NORMANDIE;MT;9509;4504;4452;553;0;0;220;0;Normandie
202307;LFRK;CAEN-CARPIQUET;MT;39317;20141;19176;0;0;0;415;0;Normandie
202307;LFRN;RENNES-ST-JACQUES;MT;56700;24665;24122;0;337,8;453,5;511;71;Bretagne
202307;LFRQ;QUIMPER-PLUGUFFAN;MT;3268;1606;1562;100;0;0;139;0;Bretagne
202307;LFRS;NANTES-ATLANTIQUE;MT;719817;368838;341416;805;410,1;465,7;4960;80;Pays de la Loire
202307;LFRZ;ST-NAZAIRE-MONTOIR;MT;14126;218;216;177;730;621,6;38;57;Pays de la Loire
202307;LFSB;BALE-MULHOUSE;MT;877131;455008;371213;210;3197,5;1872,5;5733;594;Grand Est
202307;LFSL;BRIVE-SOUILLAC;MT;12494;6324;6170;0;0;0;192;0;Nouvelle-Aquitaine
202307;LFST;STRASBOURG-ENTZHEIM;MT;95818;52176;43319;296;0,9;1,8;876;0;Grand Est
202307;LFTH;TOULON-HYERES;MT;42941;20194;22739;8;0;0;1608;0;Provence-Alpes-Côte d'Azur
202307;LFTW;NIMES-GARONS;MT;30121;15480;14641;0;0;0;246;0;Occitanie
202307;LFVP;ST-PIERRE-POINTE BLANCHE;OM;3678;1669;1868;0;2;12,1;188;0;Saint-Pierre-et-Miquelon
202307;NLWW;WALLIS-HIHIFO;OM;3554;1627;1810;0;2,7;9;134;0;Wallis-et-Futuna
202307;NTAA;TAHITI FAA'A;OM;181330;85542;86613;752;389,6;452,8;2608;104;Polynésie française
202307;NTAM;RIMATARA;OM;1125;399;470;235;0;2,1;28;0;Polynésie française
202307;NTAR;RURUTU;OM;3445;1192;1322;879;0;5,3;74;0;Polynésie française
202307;NTAT;TUBUAI MATAURA;OM;2910;1057;1081;721;-0,1;5,2;66;0;Polynésie française
202307;NTAV;RAIVAVAE;OM;1051;377;409;245;0;2;26;0;Polynésie française
202307;NTGC;TIKEHAU;OM;5402;2255;2364;709;0;7,4;106;0;Polynésie française
202307;NTGF;FAKARAVA;OM;4860;2224;2300;244;0;9,2;94;0;Polynésie française
202307;NTGU;ARUTUA;OM;1090;425;451;187;0;2,7;26;0;Polynésie française
202307;NTMD;NUKU HIVA;OM;6853;2901;3042;822;1,5;7,4;210;0;Polynésie française
202307;NTMN;HIVA OA-ATUONA;OM;4348;1800;1968;530;-0,1;5,2;86;0;Polynésie française
202307;NTTB;BORA BORA;OM;39021;18335;17786;2718;2,9;15,3;950;0;Polynésie française
202307;NTTG;RANGIROA;OM;16100;6651;6919;2330;5,1;14,9;384;0;Polynésie française
202307;NTTH;HUAHINE;OM;17036;7163;7368;2403;3;7,2;382;0;Polynésie française
202307;NTTM;MOOREA;OM;8405;4534;2507;1355;0,4;0,4;255;0;Polynésie française
202307;NTTO;HAO;OM;1708;393;377;909;0;2,9;58;0;Polynésie française
202307;NTTP;MAUPITI;OM;4574;2265;2251;9;0;4,9;144;0;Polynésie française
202307;NTTR;RAIATEA;OM;33474;14795;15180;3313;5,3;13,4;822;0;Polynésie française
202307;NWWE;ILE DES PINS;OM;8784;4195;4415;0;4,1;13,3;174;0;Nouvelle-Calédonie
202307;NWWL;LIFOU;OM;12987;5874;6725;0;9,7;29,1;339;5;Nouvelle-Calédonie
202307;NWWM;NOUMEA MAGENTA;OM;35028;17322;16627;0;80,2;27,7;777;4;Nouvelle-Calédonie
202307;NWWR;MARE;OM;7342;3197;3885;0;6,2;19,8;224;4;Nouvelle-Calédonie
202307;NWWV;OUVEA;OM;6185;2672;3254;0;8,1;17,8;186;1;Nouvelle-Calédonie
202307;NWWW;NOUMEA LA TONTOUTA;OM;44713;20249;21038;0;50,3;292,2;317;3;Nouvelle-Calédonie
202307;SOCA;CAYENNE-FELIX EBOUE;OM;54886;27965;24710;0;57,5;163,5;332;10;Guyane
202307;TFFF;MARTINIQUE-AIME CESAIRE;OM;177358;75827;88801;5295;199,4;544,2;1389;56;Martinique
202307;TFFG;ST-MARTIN-GRAND-CASE;OM;21839;10488;11040;25;14;14,7;635;38;Saint-Martin
202307;TFFJ;ST-BARTHELEMY;OM;16596;8412;7923;2;7,9;18;2649;82;Saint-Barthélemy
202308;FMCZ;MAYOTTE-MARCEL HENRY;OM;58031;28408;26190;0;38,7;304,6;447;1;Mayotte
202308;FMEE;LA REUNION-ROLAND GARROS;OM;295650;122255;143131;6580;523,8;1844,7;1351;1;La Réunion
202308;FMEP;ST-PIERRE-PIERREFONDS;OM;1512;756;756;0;0;0;18;0;La Réunion
202308;LFBD;BORDEAUX-MERIGNAC;MT;735898;356347;370710;1332;314,6;436,4;5065;88;Nouvelle-Aquitaine
202308;LFBE;BERGERAC-DORDOGNE-PERIGORD;MT;41268;20797;20471;0;0;0;317;0;Nouvelle-Aquitaine
202308;LFBH;LA ROCHELLE-ILE DE RE;MT;49474;24900;24574;0;0;0;458;0;Nouvelle-Aquitaine
202308;LFBI;POITIERS-BIARD;MT;12073;6045;6017;11;0;0;105;0;Nouvelle-Aquitaine
202308;LFBL;LIMOGES-BELLEGARDE;MT;36520;18282;18238;0;0;0;288;0;Nouvelle-Aquitaine
202308;LFBO;TOULOUSE-BLAGNAC;MT;718359;332643;357092;11;1049,5;1811,8;5055;263;Occitanie
202308;LFBP;PAU-PYRENEES;MT;22470;11793;10677;0;0;0;308;0;Nouvelle-Aquitaine
202308;LFBT;TARBES-LOURDES-PYRENEES;MT;63922;32064;31858;0;0;0;451;0;Occitanie
202308;LFBZ;BIARRITZ-PAYS-BASQUE;MT;132147;67652;64495;0;0;0;1054;0;Nouvelle-Aquitaine
202308;LFCR;RODEZ-AVEYRON;MT;10841;5670;5171;0;0;0;168;0;Occitanie
202308;LFGJ;DOLE-TAVAUX;MT;12263;5826;6436;1;0;0;84;0;Bourgogne-Franche-Comté
202308;LFJL;METZ-NANCY-LORRAINE;MT;11501;4597;6904;0;0;0;111;0;Grand Est
202308;LFKB;BASTIA-PORETTA;MT;230990;119395;104664;0;208,8;484,3;1847;113;Corse
202308;LFKC;CALVI-STE-CATHERINE;MT;75366;40414;34936;11;0;0,5;850;0;Corse
202308;LFKF;FIGARI-SUD-CORSE;MT;185369;100275;85094;0;0;0;2276;0;Corse
202308;LFKJ;AJACCIO-NAPOLEON-BONAPARTE;MT;257991;135558;117056;0;85;452,6;1898;97;Corse
202308;LFLC;CLERMONT-FERRAND-AUVERGNE;MT;20418;8127;8483;4;380,4;0;253;6;Auvergne-Rhône-Alpes
202308;LFLL;LYON-ST-EXUPERY;MT;970667;435667;500181;959;1518,6;1867,4;6795;245;Auvergne-Rhône-Alpes
202308;LFMD;CANNES-MANDELIEU;MT;1541;874;667;0;0;0;1172;0;Provence-Alpes-Côte d'Azur
202308;LFMK;CARCASSONNE-SALVAZA;MT;52658;26563;26095;0;0;0;322;0;Occitanie
202308;LFML;MARSEILLE-PROVENCE;MT;1196157;548173;603236;3756;2129,2;1970;8686;528;Provence-Alpes-Côte d'Azur
202308;LFMN;NICE-COTE D'AZUR;MT;1650869;835351;805027;1858;497,2;366,1;18342;48;Provence-Alpes-Côte d'Azur
202308;LFMP;PERPIGNAN-RIVESALTES;MT;57628;29623;28005;0;0;0;366;0;Occitanie
202308;LFMT;MONTPELLIER-MEDITERRANEE;MT;199459;98600;100858;0;0;0,1;1471;1;Occitanie
202308;LFMU;BEZIERS-VIAS;MT;43805;22171;21634;0;0;0;278;0;Occitanie
202308;LFOB;BEAUVAIS-TILLE;MT;529882;253961;275921;0;0;0;3072;0;Hauts-de-France
202308;LFOK;CHALONS-VATRY;MT;8074;2707;3271;0;33,5;176;44;15;Grand Est
202308;LFOT;TOURS-VAL DE LOIRE;MT;23289;11548;11741;0;0;0;169;0;Centre-Val de Loire
202308;LFPB;PARIS-LE BOURGET;MT;7248;3757;3491;0;0;0;3489;0;Île-de-France
202308;LFPG;PARIS-CHARLES DE GAULLE;MT;8076973;3124581;3393289;5120;81823,1;73575,3;37810;3484;Île-de-France
202308;LFPO;PARIS-ORLY;MT;3294285;1514842;1725911;776;3861,4;1414,2;19505;6;Île-de-France
202308;LFQQ;LILLE-LESQUIN;MT;196541;92307;104007;225;0,2;0;1402;0;Hauts-de-France
202308;LFRB;BREST-BRETAGNE;MT;77493;38564;38298;564;4,8;2;804;1;Bretagne
202308;LFRG;DEAUVILLE-NORMANDIE;MT;10257;4945;4971;296;2,5;2;294;6;Normandie
202308;LFRK;CAEN-CARPIQUET;MT;35188;17186;17964;38;0;0;352;0;Normandie
202308;LFRN;RENNES-ST-JACQUES;MT;59708;25407;26214;203;361,8;426,6;473;81;Bretagne
202308;LFRQ;QUIMPER-PLUGUFFAN;MT;2656;1430;1105;121;0;0;83;0;Bretagne
202308;LFRS;NANTES-ATLANTIQUE;MT;732464;352908;370249;783;425,3;427,1;4880;54;Pays de la Loire
202308;LFRZ;ST-NAZAIRE-MONTOIR;MT;14581;54;36;33;797,3;648,5;14;57;Pays de la Loire
202308;LFSB;BALE-MULHOUSE;MT;906181;403273;455323;0;2811,8;1946,7;5974;576;Grand Est
202308;LFSL;BRIVE-SOUILLAC;MT;11684;5913;5771;0;0;0;156;0;Nouvelle-Aquitaine
202308;LFST;STRASBOURG-ENTZHEIM;MT;98273;45558;52439;181;5,7;3,9;801;0;Grand Est
202308;LFTH;TOULON-HYERES;MT;38795;20064;18716;15;0;0;1356;0;Provence-Alpes-Côte d'Azur
202308;LFTW;NIMES-GARONS;MT;31541;15433;16108;0;0;0;226;0;Occitanie
202308;LFVP;ST-PIERRE-POINTE BLANCHE;OM;4308;2361;1823;0;2,7;9,7;264;0;Saint-Pierre-et-Miquelon
202308;NLWF;FUTUNA;OM;1425;712;665;0;2,2;2,6;143;1;Wallis-et-Futuna
202308;NLWW;WALLIS-HIHIFO;OM;1425;665;712;0;2,6;2,2;143;1;Wallis-et-Futuna
202308;NTAA;TAHITI FAA'A;OM;163794;73992;80616;470;384,3;487,3;2535;105;Polynésie française
202308;NTAR;RURUTU;OM;2796;1205;1066;465;2,7;3,4;56;0;Polynésie française
202308;NTAT;TUBUAI MATAURA;OM;2358;977;926;410;2,3;2,3;52;0;Polynésie française
202308;NTGC;TIKEHAU;OM;5085;2330;2114;605;0,8;2,8;106;0;Polynésie française
202308;NTGF;FAKARAVA;OM;5277;2578;2372;282;1,2;3,3;108;0;Polynésie française
202308;NTGU;ARUTUA;OM;1033;372;327;301;1,5;1,8;28;0;Polynésie française
202308;NTMD;NUKU HIVA;OM;5939;2677;2446;710;4,8;5,9;189;1;Polynésie française
202308;NTMN;HIVA OA-ATUONA;OM;4056;1822;1683;481;2,6;4,4;83;1;Polynésie française
202308;NTTB;BORA BORA;OM;37772;18334;17263;2051;2,7;9,7;952;0;Polynésie française
202308;NTTG;RANGIROA;OM;15622;6761;6330;2387;5,4;9;414;0;Polynésie française
202308;NTTH;HUAHINE;OM;15836;7008;6693;2070;2,2;4,4;336;0;Polynésie française
202308;NTTM;MOOREA;OM;8683;4941;2771;964;0,3;0,5;254;0;Polynésie française
202308;NTTO;HAO;OM;1732;454;547;693;2,4;1,3;60;0;Polynésie française
202308;NTTP;MAUPITI;OM;4209;2233;1911;3;2,1;4,1;134;0;Polynésie française
202308;NTTR;RAIATEA;OM;30833;13869;13814;2962;5,3;13,6;770;0;Polynésie française
202308;NWWE;ILE DES PINS;OM;4103;1916;2091;0;2,7;6,9;97;1;Nouvelle-Calédonie
202308;NWWL;LIFOU;OM;18305;8933;8871;0;15,4;34,7;433;1;Nouvelle-Calédonie
202308;NWWM;NOUMEA MAGENTA;OM;40791;19376;20243;0;83;34,2;865;2;Nouvelle-Calédonie
202308;NWWR;MARE;OM;10339;5012;5045;0;6,8;21,4;250;0;Nouvelle-Calédonie
202308;NWWV;OUVEA;OM;9171;4535;4348;0;9,1;19,7;212;0;Nouvelle-Calédonie
202308;NWWW;NOUMEA LA TONTOUTA;OM;45926;22406;20680;0;69;215;308;2;Nouvelle-Calédonie
202308;SOCA;CAYENNE-FELIX EBOUE;OM;56360;25886;28242;0;69,1;154,1;440;25;Guyane
202308;SOOA;MARIPASOULA;OM;1820;667;780;274;0;9,9;201;13;Guyane
202308;TFFF;MARTINIQUE-AIME CESAIRE;OM;195363;97072;86086;5705;228;422;1481;48;Martinique
202308;TFFG;ST-MARTIN-GRAND-CASE;OM;26319;13351;12829;12;8,2;4,5;717;5;Saint-Martin
202308;TFFJ;ST-BARTHELEMY;OM;12870;7229;5415;0;9,8;12,8;2019;82;Saint-Barthélemy
202309;FMCZ;MAYOTTE-MARCEL HENRY;OM;36252;20319;12504;198;19,6;303,5;286;2;Mayotte
202309;FMEE;LA REUNION-ROLAND GARROS;OM;226119;96396;99614;6088;519,2;1883;1135;5;La Réunion
202309;FMEP;ST-PIERRE-PIERREFONDS;OM;1176;588;588;0;0;0;14;0;La Réunion
202309;LFAQ;ALBERT-BRAY;MT;1382;130;131;9;69,8;41,4;43;6;Hauts-de-France
202309;LFBD;BORDEAUX-MERIGNAC;MT;663552;320560;331796;2091;385,7;524,9;5014;85;Nouvelle-Aquitaine
202309;LFBE;BERGERAC-DORDOGNE-PERIGORD;MT;32558;17196;15362;0;0;0;266;0;Nouvelle-Aquitaine
202309;LFBH;LA ROCHELLE-ILE DE RE;MT;31165;16649;14516;0;0;0;297;0;Nouvelle-Aquitaine
202309;LFBI;POITIERS-BIARD;MT;10277;5268;5009;0;0;0;156;0;Nouvelle-Aquitaine
202309;LFBL;LIMOGES-BELLEGARDE;MT;29322;15352;13908;62;0;0;331;0;Nouvelle-Aquitaine
202309;LFBO;TOULOUSE-BLAGNAC;MT;777700;361915;377405;525;1029,9;2755,7;6291;319;Occitanie
202309;LFBP;PAU-PYRENEES;MT;29538;13870;13948;21;95,2;74,8;438;8;Nouvelle-Aquitaine
202309;LFBT;TARBES-LOURDES-PYRENEES;MT;71943;35824;36119;0;0;0;510;0;Occitanie
202309;LFBZ;BIARRITZ-PAYS-BASQUE;MT;100530;50092;50438;0;0;0;894;0;Nouvelle-Aquitaine
202309;LFCK;CASTRES-MAZAMET;MT;2390;1244;1146;0;0;0;92;0;Occitanie
202309;LFCR;RODEZ-AVEYRON;MT;8542;4309;4090;143;0;0;173;0;Occitanie
202309;LFGJ;DOLE-TAVAUX;MT;10935;5340;5548;47;0;0;86;0;Bourgogne-Franche-Comté
202309;LFJL;METZ-NANCY-LORRAINE;MT;9163;3614;5549;0;0;0;174;0;Grand Est
202309;LFKB;BASTIA-PORETTA;MT;176824;88982;80026;161;182,2;583,3;1374;110;Corse
202309;LFKC;CALVI-STE-CATHERINE;MT;44370;23589;20554;222;0;0,5;563;0;Corse
202309;LFKF;FIGARI-SUD-CORSE;MT;105116;57257;47859;0;0;0;1176;0;Corse
202309;LFKJ;AJACCIO-NAPOLEON-BONAPARTE;MT;186266;96472;84214;0;88,7;469,2;1346;97;Corse
202309;LFLC;CLERMONT-FERRAND-AUVERGNE;MT;21887;9690;10186;4;200,7;0;386;6;Auvergne-Rhône-Alpes
202309;LFLL;LYON-ST-EXUPERY;MT;947315;429293;473125;3902;1803,1;2296,4;7681;235;Auvergne-Rhône-Alpes
202309;LFLW;AURILLAC;MT;2085;1075;1010;0;0;0;108;0;Auvergne-Rhône-Alpes
202309;LFMK;CARCASSONNE-SALVAZA;MT;42332;21613;20719;0;0;0;287;0;Occitanie
202309;LFML;MARSEILLE-PROVENCE;MT;1081066;497496;532677;2592;2500,2;2329,9;8691;562;Provence-Alpes-Côte d'Azur
202309;LFMN;NICE-COTE D'AZUR;MT;1477752;733893;732260;1995;529,6;430,9;16247;44;Provence-Alpes-Côte d'Azur
202309;LFMP;PERPIGNAN-RIVESALTES;MT;48963;25463;23500;0;0;0;381;0;Occitanie
202309;LFMT;MONTPELLIER-MEDITERRANEE;MT;160622;77587;83035;0;0;0;1284;0;Occitanie
202309;LFMU;BEZIERS-VIAS;MT;37093;19479;17614;0;0;0;271;0;Occitanie
202309;LFOB;BEAUVAIS-TILLE;MT;494125;237994;256058;73;0;0;2964;0;Hauts-de-France
202309;LFOH;LE HAVRE-OCTEVILLE;MT;1073;508;562;3;0;0;20;0;Normandie
202309;LFOK;CHALONS-VATRY;MT;14613;2851;3227;0;62,8;790,6;74;27;Grand Est
202309;LFOT;TOURS-VAL DE LOIRE;MT;19461;10004;9457;0;0;0;160;0;Centre-Val de Loire
202309;LFPB;PARIS-LE BOURGET;MT;10659;5371;5288;0;0;0;5347;0;Île-de-France
202309;LFPG;PARIS-CHARLES DE GAULLE;MT;7566534;2845435;3117346;5202;82560,8;77294,3;36288;3345;Île-de-France
202309;LFPO;PARIS-ORLY;MT;3016665;1377367;1582300;802;3979,6;1640;19171;2;Île-de-France
202309;LFQQ;LILLE-LESQUIN;MT;195168;92589;102447;131;0,1;0;1463;0;Hauts-de-France
202309;LFRB;BREST-BRETAGNE;MT;75074;37884;36730;403;4,2;1,5;920;1;Bretagne
202309;LFRG;DEAUVILLE-NORMANDIE;MT;10423;5117;4997;309;0;0;177;0;Normandie
202309;LFRK;CAEN-CARPIQUET;MT;36729;18280;18365;0;8,4;0;386;10;Normandie
202309;LFRN;RENNES-ST-JACQUES;MT;59306;25589;26077;0;298;466;552;75;Bretagne
202309;LFRS;NANTES-ATLANTIQUE;MT;674795;325925;337677;1219;524,2;473,2;4986;57;Pays de la Loire
202309;LFRZ;ST-NAZAIRE-MONTOIR;MT;24294;505;489;266;1376,4;927;74;95;Pays de la Loire
202309;LFSB;BALE-MULHOUSE;MT;843790;385614;404966;110;3259,9;2050,1;5780;538;Grand Est
202309;LFSL;BRIVE-SOUILLAC;MT;10312;5184;5128;0;0;0;172;0;Nouvelle-Aquitaine
202309;LFST;STRASBOURG-ENTZHEIM;MT;100428;47505;52574;267;5,6;2,6;951;0;Grand Est
202309;LFTH;TOULON-HYERES;MT;35336;18105;17221;10;0;0;1004;0;Provence-Alpes-Côte d'Azur
202309;LFTW;NIMES-GARONS;MT;26549;13325;13224;0;0;0;203;0;Occitanie
202309;LFVP;ST-PIERRE-POINTE BLANCHE;OM;3005;1538;1337;0;1,5;11,5;216;0;Saint-Pierre-et-Miquelon
202309;NLWF;FUTUNA;OM;1129;538;555;0;1,6;2;114;0;Wallis-et-Futuna
202309;NLWW;WALLIS-HIHIFO;OM;3387;1639;1614;0;2,8;10,7;132;0;Wallis-et-Futuna
202309;NTAA;TAHITI FAA'A;OM;148084;68342;70608;572;359,2;497;2296;83;Polynésie française
202309;NTAR;RURUTU;OM;2346;914;912;454;2,5;4,1;48;0;Polynésie française
202309;NTAT;TUBUAI MATAURA;OM;1968;793;742;376;2;3,7;40;0;Polynésie française
202309;NTGC;TIKEHAU;OM;4532;1928;1891;664;1,5;3,3;102;0;Polynésie française
202309;NTGF;FAKARAVA;OM;4486;2053;2114;261;0,9;5;98;0;Polynésie française
202309;NTMD;NUKU HIVA;OM;4949;2198;2097;535;5,1;6,9;149;1;Polynésie française
202309;NTMN;HIVA OA-ATUONA;OM;3141;1286;1329;457;2,5;4,4;64;0;Polynésie française
202309;NTTB;BORA BORA;OM;34616;16267;15909;2301;2,9;10,9;891;0;Polynésie française
202309;NTTE;TETIAROA;OM;1057;542;515;0;0;0;83;76;Polynésie française
202309;NTTG;RANGIROA;OM;12952;5365;5559;1832;9,1;10,4;367;0;Polynésie française
202309;NTTH;HUAHINE;OM;13578;5690;5860;1944;3;5,4;308;0;Polynésie française
202309;NTTM;MOOREA;OM;7832;4485;2548;789;0,4;0,7;219;0;Polynésie française
202309;NTTO;HAO;OM;1083;235;238;577;1,2;2,1;40;0;Polynésie française
202309;NTTP;MAUPITI;OM;3852;1903;1872;5;2,3;4,9;132;0;Polynésie française
202309;NTTR;RAIATEA;OM;28039;12466;12623;2744;6,1;14,6;708;0;Polynésie française
202309;NWWE;ILE DES PINS;OM;5053;2403;2510;0;3,4;10,7;122;0;Nouvelle-Calédonie
202309;NWWL;LIFOU;OM;7538;3562;3681;0;8,5;21;180;0;Nouvelle-Calédonie
202309;NWWM;NOUMEA MAGENTA;OM;24246;11672;11647;0;67,3;25,4;578;1;Nouvelle-Calédonie
202309;NWWR;MARE;OM;5886;2721;2926;0;5,9;18;128;0;Nouvelle-Calédonie
202309;NWWV;OUVEA;OM;5531;2620;2659;0;7,7;17,4;132;0;Nouvelle-Calédonie
202309;NWWW;NOUMEA LA TONTOUTA;OM;40677;18231;19401;0;61,9;242,6;279;1;Nouvelle-Calédonie
202309;SOCA;CAYENNE-FELIX EBOUE;OM;39674;18435;18785;0;57,2;188,2;338;26;Guyane
202309;SOOA;MARIPASOULA;OM;1418;518;631;194;0,1;7,4;163;11;Guyane
202309;TFFF;MARTINIQUE-AIME CESAIRE;OM;102077;51650;40983;3272;173,2;444;878;54;Martinique
202309;TFFG;ST-MARTIN-GRAND-CASE;OM;14954;7436;7299;11;12,7;8,1;559;9;Saint-Martin
202309;TFFJ;ST-BARTHELEMY;OM;4779;2191;2384;0;5,4;15;802;74;Saint-Barthélemy
202310;FMCZ;MAYOTTE-MARCEL HENRY;OM;41430;20373;17640;0;21,1;320,7;342;1;Mayotte
202310;FMEE;LA REUNION-ROLAND GARROS;OM;278847;116755;131602;3165;649;2083,5;1257;1;La Réunion
202310;FMEP;ST-PIERRE-PIERREFONDS;OM;1344;672;672;0;0;0;16;0;La Réunion
202310;LFAQ;ALBERT-BRAY;MT;1053;63;103;3;50,5;37,9;49;6;Hauts-de-France
202310;LFBD;BORDEAUX-MERIGNAC;MT;626207;315346;298956;1758;475,3;539,5;4756;91;Nouvelle-Aquitaine
202310;LFBE;BERGERAC-DORDOGNE-PERIGORD;MT;20212;10631;9546;35;0;0;165;0;Nouvelle-Aquitaine
202310;LFBH;LA ROCHELLE-ILE DE RE;MT;20051;10077;9974;0;0;0;209;0;Nouvelle-Aquitaine
202310;LFBI;POITIERS-BIARD;MT;10130;5089;4996;45;0;0;164;0;Nouvelle-Aquitaine
202310;LFBL;LIMOGES-BELLEGARDE;MT;27119;14144;12973;2;0;0;343;0;Nouvelle-Aquitaine
202310;LFBO;TOULOUSE-BLAGNAC;MT;766721;375466;356309;90;1121,9;2363,7;6127;292;Occitanie
202310;LFBP;PAU-PYRENEES;MT;30371;14639;14367;0;114,6;21,8;452;6;Nouvelle-Aquitaine
202310;LFBT;TARBES-LOURDES-PYRENEES;MT;61727;31851;29874;0;0,2;0;446;0;Occitanie
202310;LFBZ;BIARRITZ-PAYS-BASQUE;MT;90790;45531;44958;301;0;0;809;0;Nouvelle-Aquitaine
202310;LFCK;CASTRES-MAZAMET;MT;2634;1333;1301;0;0;0;96;0;Occitanie
202310;LFCR;RODEZ-AVEYRON;MT;5686;2843;2843;0;0;0;136;0;Occitanie
202310;LFGJ;DOLE-TAVAUX;MT;11774;5794;5980;0;0;0;82;0;Bourgogne-Franche-Comté
202310;LFJL;METZ-NANCY-LORRAINE;MT;9583;4867;4629;87;0;0;168;0;Grand Est
202310;LFKB;BASTIA-PORETTA;MT;136149;67289;61350;231;176;551,9;1073;110;Corse
202310;LFKC;CALVI-STE-CATHERINE;MT;22010;11773;10077;155;0;0,5;311;0;Corse
202310;LFKF;FIGARI-SUD-CORSE;MT;63908;34051;29857;0;0;0;748;0;Corse
202310;LFKJ;AJACCIO-NAPOLEON-BONAPARTE;MT;135472;67894;62129;0;84,2;460,6;996;98;Corse
202310;LFLB;CHAMBERY-AIX-LES-BAINS;MT;1026;527;495;4;0;0;44;0;Auvergne-Rhône-Alpes
202310;LFLC;CLERMONT-FERRAND-AUVERGNE;MT;22719;10301;9666;94;265,8;0,1;403;6;Auvergne-Rhône-Alpes
202310;LFLL;LYON-ST-EXUPERY;MT;960249;475001;439898;1044;2018,4;2412,2;7782;242;Auvergne-Rhône-Alpes
202310;LFLW;AURILLAC;MT;2479;1223;1256;0;0;0;107;0;Auvergne-Rhône-Alpes
202310;LFLX;CHATEAUROUX-DEOLS;MT;1767;155;266;0;86,2;48,4;3;5;Centre-Val de Loire
202310;LFMK;CARCASSONNE-SALVAZA;MT;31101;16557;14544;0;0;0;229;0;Occitanie
202310;LFML;MARSEILLE-PROVENCE;MT;1075074;529057;493074;3630;2598,7;2332,6;8530;579;Provence-Alpes-Côte d'Azur
202310;LFMN;NICE-COTE D'AZUR;MT;1335630;695887;625747;291;639,2;731,3;13481;46;Provence-Alpes-Côte d'Azur
202310;LFMP;PERPIGNAN-RIVESALTES;MT;44914;23212;21702;0;0;0;351;0;Occitanie
202310;LFMT;MONTPELLIER-MEDITERRANEE;MT;158059;81547;76297;171;0;4,4;1241;0;Occitanie
202310;LFMU;BEZIERS-VIAS;MT;23628;12747;10880;1;0;0;187;0;Occitanie
202310;LFOB;BEAUVAIS-TILLE;MT;524962;268118;256844;0;0;0;3174;0;Hauts-de-France
202310;LFOH;LE HAVRE-OCTEVILLE;MT;1030;538;490;2;0;0;32;0;Normandie
202310;LFOK;CHALONS-VATRY;MT;21646;3646;3936;0;24,4;1382,1;83;40;Grand Est
202310;LFOT;TOURS-VAL DE LOIRE;MT;20666;10491;10175;0;0;0;152;0;Centre-Val de Loire
202310;LFPB;PARIS-LE BOURGET;MT;10022;5150;4872;0;0;0;5496;0;Île-de-France
202310;LFPG;PARIS-CHARLES DE GAULLE;MT;7700794;3107981;2871763;4972;90128,6;81479,2;36763;3413;Île-de-France
202310;LFPO;PARIS-ORLY;MT;2983193;1496219;1421647;645;4385,6;2082,6;18869;2;Île-de-France
202310;LFQQ;LILLE-LESQUIN;MT;182662;89712;92718;216;1,6;0;1351;1;Hauts-de-France
202310;LFRB;BREST-BRETAGNE;MT;71902;35674;35965;191;6,2;0,9;882;0;Bretagne
202310;LFRG;DEAUVILLE-NORMANDIE;MT;6525;2743;3615;117;5;0;160;4;Normandie
202310;LFRK;CAEN-CARPIQUET;MT;35666;17527;18139;0;0;0;367;0;Normandie
202310;LFRN;RENNES-ST-JACQUES;MT;60626;25684;25890;147;397,3;493,1;547;79;Bretagne
202310;LFRS;NANTES-ATLANTIQUE;MT;676474;335424;330906;1152;438,4;460,9;4980;54;Pays de la Loire
202310;LFRZ;ST-NAZAIRE-MONTOIR;MT;20088;433;422;265;1090,8;806;66;85;Pays de la Loire
202310;LFSB;BALE-MULHOUSE;MT;862425;397044;410573;284;3455,3;1997,1;5671;599;Grand Est
202310;LFSL;BRIVE-SOUILLAC;MT;8732;4503;4229;0;0;0;160;0;Nouvelle-Aquitaine
202310;LFST;STRASBOURG-ENTZHEIM;MT;107625;52564;54545;376;9,7;4,4;1009;0;Grand Est
202310;LFTH;TOULON-HYERES;MT;24061;12307;11743;11;0;0;591;2;Provence-Alpes-Côte d'Azur
202310;LFTW;NIMES-GARONS;MT;26795;14119;12676;0;0;0;203;0;Occitanie
202310;LFVP;ST-PIERRE-POINTE BLANCHE;OM;2634;1347;1119;0;2,1;14,7;211;1;Saint-Pierre-et-Miquelon
202310;NLWF;FUTUNA;OM;1483;694;767;0;0,6;1,5;148;1;Wallis-et-Futuna
202310;NLWW;WALLIS-HIHIFO;OM;4561;2194;2225;0;2,3;11,9;173;1;Wallis-et-Futuna
202310;NTAA;TAHITI FAA'A;OM;151956;73001;69086;512;347,7;588;2425;75;Polynésie française
202310;NTAR;RURUTU;OM;2674;1013;1115;476;2;5;54;0;Polynésie française
202310;NTAT;TUBUAI MATAURA;OM;2162;840;864;396;2,9;3,4;46;0;Polynésie française
202310;NTGC;TIKEHAU;OM;3930;1492;1541;852;1,5;3;96;0;Polynésie française
202310;NTGF;FAKARAVA;OM;5241;2272;2432;458;2;5,9;113;0;Polynésie française
202310;NTGU;ARUTUA;OM;1131;399;390;279;2,5;3,7;30;0;Polynésie française
202310;NTMD;NUKU HIVA;OM;5375;2184;2362;710;4,3;7,6;160;0;Polynésie française
202310;NTMN;HIVA OA-ATUONA;OM;3373;1410;1481;406;2,6;5;64;0;Polynésie française
202310;NTTB;BORA BORA;OM;35500;16720;16643;1987;3,1;11,9;908;0;Polynésie française
202310;NTTE;TETIAROA;OM;1009;519;490;0;0;0;83;68;Polynésie française
202310;NTTG;RANGIROA;OM;13594;5793;5919;1696;7,8;10,8;361;0;Polynésie française
202310;NTTH;HUAHINE;OM;14923;5686;7176;1953;2,8;8;348;0;Polynésie française
202310;NTTM;MOOREA;OM;6926;4193;2020;702;0,7;0,5;205;0;Polynésie française
202310;NTTO;HAO;OM;1546;441;302;756;1,9;2,8;52;0;Polynésie française
202310;NTTP;MAUPITI;OM;3508;1704;1732;2;3,4;3,6;116;0;Polynésie française
202310;NTTR;RAIATEA;OM;27652;11941;12901;2609;5,3;14,8;716;0;Polynésie française
202310;NWWE;ILE DES PINS;OM;6958;3207;3602;0;4,4;10,5;140;0;Nouvelle-Calédonie
202310;NWWL;LIFOU;OM;10648;5067;5239;0;11,3;23;250;0;Nouvelle-Calédonie
202310;NWWM;NOUMEA MAGENTA;OM;33809;16228;16562;0;70;31,9;738;0;Nouvelle-Calédonie
202310;NWWR;MARE;OM;7687;3932;3503;0;7,3;17,9;164;0;Nouvelle-Calédonie
202310;NWWV;OUVEA;OM;8109;3854;3987;0;8,7;18,1;172;0;Nouvelle-Calédonie
202310;NWWW;NOUMEA LA TONTOUTA;OM;48763;22048;22984;0;65;308,2;321;0;Nouvelle-Calédonie
202310;SOCA;CAYENNE-FELIX EBOUE;OM;40952;18713;19767;0;44,1;203;276;4;Guyane
202310;TFFF;MARTINIQUE-AIME CESAIRE;OM;113169;45960;56589;4019;187,1;473,1;790;56;Martinique
202310;TFFG;ST-MARTIN-GRAND-CASE;OM;13306;5789;7318;1;9,4;10,4;382;18;Saint-Martin
202310;TFFJ;ST-BARTHELEMY;OM;6682;2485;3953;0;5,5;18,9;1301;77;Saint-Barthélemy
202311;FMCZ;MAYOTTE-MARCEL HENRY;OM;32333;14304;14139;394;55,9;293,7;291;0;Mayotte
202311;FMEE;LA REUNION-ROLAND GARROS;OM;246581;105935;107678;3498;856,5;2090,5;1122;1;La Réunion
202311;FMEP;ST-PIERRE-PIERREFONDS;OM;1414;623;791;0;0;0;16;0;La Réunion
202311;LFAQ;ALBERT-BRAY;MT;1118;38;35;11;65,5;37,9;66;10;Hauts-de-France
202311;LFBD;BORDEAUX-MERIGNAC;MT;428641;200804;215279;2572;453,2;545,4;3427;89;Nouvelle-Aquitaine
202311;LFBE;BERGERAC-DORDOGNE-PERIGORD;MT;4632;2447;2185;0;0;0;41;0;Nouvelle-Aquitaine
202311;LFBH;LA ROCHELLE-ILE DE RE;MT;5482;2646;2836;0;0;0;73;0;Nouvelle-Aquitaine
202311;LFBI;POITIERS-BIARD;MT;2605;1244;1361;0;0;0;27;0;Nouvelle-Aquitaine
202311;LFBL;LIMOGES-BELLEGARDE;MT;10799;5315;5484;0;0;0;188;0;Nouvelle-Aquitaine
202311;LFBO;TOULOUSE-BLAGNAC;MT;608196;277427;292404;641;1085,1;2687,3;5038;287;Occitanie
202311;LFBP;PAU-PYRENEES;MT;24022;11912;11233;0;34,9;52,8;395;4;Nouvelle-Aquitaine
202311;LFBT;TARBES-LOURDES-PYRENEES;MT;23235;11853;11382;0;0;0;199;0;Occitanie
202311;LFBZ;BIARRITZ-PAYS-BASQUE;MT;46968;24436;22532;0;0;0;486;0;Nouvelle-Aquitaine
202311;LFCK;CASTRES-MAZAMET;MT;2553;1397;1156;0;0;0;85;0;Occitanie
202311;LFCR;RODEZ-AVEYRON;MT;3386;1800;1586;0;0;0;112;0;Occitanie
202311;LFGJ;DOLE-TAVAUX;MT;7180;3491;3689;0;0;0;46;0;Bourgogne-Franche-Comté
202311;LFJL;METZ-NANCY-LORRAINE;MT;7514;3295;4196;23;0;0;210;0;Grand Est
202311;LFKB;BASTIA-PORETTA;MT;81530;39046;34532;30;202,9;589,3;737;90;Corse
202311;LFKC;CALVI-STE-CATHERINE;MT;10074;5555;4296;221;0;0,2;178;0;Corse
202311;LFKF;FIGARI-SUD-CORSE;MT;21269;13090;8109;70;0;0;334;0;Corse
202311;LFKJ;AJACCIO-NAPOLEON-BONAPARTE;MT;74715;38861;30790;0;83,5;422,9;650;71;Corse
202311;LFLB;CHAMBERY-AIX-LES-BAINS;MT;4281;2012;2261;2;0,6;0;119;0;Auvergne-Rhône-Alpes
202311;LFLC;CLERMONT-FERRAND-AUVERGNE;MT;19469;8792;9232;0;144,5;0;358;3;Auvergne-Rhône-Alpes
202311;LFLL;LYON-ST-EXUPERY;MT;747167;330646;368132;3292;2097,7;2412;6402;258;Auvergne-Rhône-Alpes
202311;LFLW;AURILLAC;MT;2376;1216;1160;0;0;0;106;0;Auvergne-Rhône-Alpes
202311;LFMK;CARCASSONNE-SALVAZA;MT;7300;3711;3589;0;0;0;50;0;Occitanie
202311;LFML;MARSEILLE-PROVENCE;MT;741927;331608;358142;3336;2644,8;2239,4;6167;536;Provence-Alpes-Côte d'Azur
202311;LFMN;NICE-COTE D'AZUR;MT;826053;409437;404510;641;556,2;590,3;9072;48;Provence-Alpes-Côte d'Azur
202311;LFMP;PERPIGNAN-RIVESALTES;MT;22402;11503;10899;0;0;0;173;0;Occitanie
202311;LFMT;MONTPELLIER-MEDITERRANEE;MT;120126;58189;61344;593;0;0;951;0;Occitanie
202311;LFMU;BEZIERS-VIAS;MT;7730;3990;3740;0;0;0;57;0;Occitanie
202311;LFOB;BEAUVAIS-TILLE;MT;439225;209715;229429;81;0;0;2774;0;Hauts-de-France
202311;LFOK;CHALONS-VATRY;MT;22861;1912;2147;0;137,3;1742,9;41;52;Grand Est
202311;LFOT;TOURS-VAL DE LOIRE;MT;9378;4611;4767;0;0;0;78;0;Centre-Val de Loire
202311;LFPB;PARIS-LE BOURGET;MT;7670;3906;3764;0;0;0;4092;0;Île-de-France
202311;LFPG;PARIS-CHARLES DE GAULLE;MT;6838478;2481808;2622716;2397;90606,2;82549,5;32013;3468;Île-de-France
202311;LFPO;PARIS-ORLY;MT;2302300;1052024;1182637;280;4599,5;2136,4;15195;1;Île-de-France
202311;LFQQ;LILLE-LESQUIN;MT;112870;52549;60210;109;0,2;0;872;0;Hauts-de-France
202311;LFRB;BREST-BRETAGNE;MT;57606;28365;28797;394;4,2;0,8;732;1;Bretagne
202311;LFRK;CAEN-CARPIQUET;MT;21268;10197;11061;10;0;0;298;0;Normandie
202311;LFRN;RENNES-ST-JACQUES;MT;43940;16896;17691;0;430,1;505,2;406;81;Bretagne
202311;LFRS;NANTES-ATLANTIQUE;MT;414405;191401;212922;951;418,9;494,2;3216;63;Pays de la Loire
202311;LFRZ;ST-NAZAIRE-MONTOIR;MT;21602;430;431;320;1275,5;766,6;64;86;Pays de la Loire
202311;LFSB;BALE-MULHOUSE;MT;600458;257220;288232;18;3330,8;2168;4280;548;Grand Est
202311;LFSL;BRIVE-SOUILLAC;MT;4367;2168;2197;2;0;0;113;0;Nouvelle-Aquitaine
202311;LFST;STRASBOURG-ENTZHEIM;MT;88329;40840;47097;284;9,2;1,6;919;0;Grand Est
202311;LFTH;TOULON-HYERES;MT;12698;6837;5861;0;0;0;275;0;Provence-Alpes-Côte d'Azur
202311;LFTW;NIMES-GARONS;MT;12297;6010;6287;0;0;0;90;0;Occitanie
202311;LFVP;ST-PIERRE-POINTE BLANCHE;OM;2379;1065;1151;0;2,2;14,1;148;1;Saint-Pierre-et-Miquelon
202311;NLWF;FUTUNA;OM;1097;574;500;0;0,9;1,4;107;0;Wallis-et-Futuna
202311;NLWW;WALLIS-HIHIFO;OM;3901;2025;1775;0;2,1;8;131;0;Wallis-et-Futuna
202311;NTAA;TAHITI FAA'A;OM;152873;68251;74390;144;401,7;607;2242;83;Polynésie française
202311;NTAM;RIMATARA;OM;1008;435;327;216;1,4;1,6;22;0;Polynésie française
202311;NTAR;RURUTU;OM;2703;1139;1028;469;2,7;3,9;55;1;Polynésie française
202311;NTAT;TUBUAI MATAURA;OM;2394;849;926;510;7,2;3,7;52;0;Polynésie française
202311;NTGC;TIKEHAU;OM;3313;1289;1133;856;0,9;2,6;86;0;Polynésie française
202311;NTGF;FAKARAVA;OM;3911;1869;1628;362;1,1;4,1;81;0;Polynésie française
202311;NTMD;NUKU HIVA;OM;5081;2163;2212;577;4,7;8,3;154;0;Polynésie française
202311;NTMN;HIVA OA-ATUONA;OM;3192;1372;1385;353;2,7;5,5;66;0;Polynésie française
202311;NTTB;BORA BORA;OM;34920;17409;15205;2140;3,3;13,3;897;1;Polynésie française
202311;NTTE;TETIAROA;OM;1127;606;521;0;0;0;85;70;Polynésie française
202311;NTTG;RANGIROA;OM;10818;4741;4338;1552;8,1;10,6;286;0;Polynésie française
202311;NTTH;HUAHINE;OM;12651;5192;4523;2840;3,8;5,8;310;0;Polynésie française
202311;NTTM;MOOREA;OM;4520;2571;1004;936;0,5;0,4;159;0;Polynésie française
202311;NTTO;HAO;OM;1423;281;397;706;1,5;2,4;52;0;Polynésie française
202311;NTTP;MAUPITI;OM;2996;1556;1362;8;2,9;4,1;104;0;Polynésie française
202311;NTTR;RAIATEA;OM;25286;11362;10339;3364;6,1;16,1;694;0;Polynésie française
202311;NWWE;ILE DES PINS;OM;8951;4352;4376;0;6,6;15,7;175;1;Nouvelle-Calédonie
202311;NWWL;LIFOU;OM;12672;6238;6014;0;13,4;28,7;254;0;Nouvelle-Calédonie
202311;NWWM;NOUMEA MAGENTA;OM;35618;16837;17609;0;79,1;38,1;740;1;Nouvelle-Calédonie
202311;NWWR;MARE;OM;6785;3264;3271;0;8,1;16,9;145;0;Nouvelle-Calédonie
202311;NWWV;OUVEA;OM;6672;3178;3224;0;9,5;17,5;142;0;Nouvelle-Calédonie
202311;NWWW;NOUMEA LA TONTOUTA;OM;40434;20840;18000;0;76,2;83,2;287;0;Nouvelle-Calédonie
202311;SOCA;CAYENNE-FELIX EBOUE;OM;38924;18215;18384;0;47,4;185,1;318;0;Guyane
202311;TFFF;MARTINIQUE-AIME CESAIRE;OM;139252;60651;66094;4006;200,9;649,1;889;48;Martinique
202311;TFFG;ST-MARTIN-GRAND-CASE;OM;14318;6745;7441;1;8,6;4,5;446;2;Saint-Martin
202311;TFFJ;ST-BARTHELEMY;OM;19434;9554;9663;2;3,6;17,9;3644;72;Saint-Barthélemy
202312;FMCZ;MAYOTTE-MARCEL HENRY;OM;48337;25760;17655;0;106,7;385,5;431;2;Mayotte
202312;FMEE;LA REUNION-ROLAND GARROS;OM;315566;144465;123429;4162;2006,2;2344,8;1347;5;La Réunion
202312;FMEP;ST-PIERRE-PIERREFONDS;OM;1915;951;964;0;0;0;29;0;La Réunion
202312;LFAQ;ALBERT-BRAY;MT;1029;159;160;22;44,1;24,7;50;4;Hauts-de-France
202312;LFBD;BORDEAUX-MERIGNAC;MT;485482;242288;231897;2208;375,8;533,1;3837;85;Nouvelle-Aquitaine
202312;LFBE;BERGERAC-DORDOGNE-PERIGORD;MT;5124;2385;2739;0;0;0;58;0;Nouvelle-Aquitaine
202312;LFBH;LA ROCHELLE-ILE DE RE;MT;7275;3904;3371;0;0;0;87;0;Nouvelle-Aquitaine
202312;LFBI;POITIERS-BIARD;MT;3946;1785;2161;0;0;0;33;0;Nouvelle-Aquitaine
202312;LFBL;LIMOGES-BELLEGARDE;MT;13094;6632;6462;0;0;0;169;0;Nouvelle-Aquitaine
202312;LFBO;TOULOUSE-BLAGNAC;MT;647022;308582;304884;385;1053,5;2263,6;5238;268;Occitanie
202312;LFBP;PAU-PYRENEES;MT;25485;11565;12836;0;54,4;54;395;4;Nouvelle-Aquitaine
202312;LFBT;TARBES-LOURDES-PYRENEES;MT;28797;14403;14394;0;0;0;244;0;Occitanie
202312;LFBZ;BIARRITZ-PAYS-BASQUE;MT;45027;21669;23358;0;0;0;461;0;Nouvelle-Aquitaine
202312;LFCK;CASTRES-MAZAMET;MT;2245;1055;1190;0;0;0;78;0;Occitanie
202312;LFCR;RODEZ-AVEYRON;MT;3077;1569;1508;0;0;0;110;0;Occitanie
202312;LFGJ;DOLE-TAVAUX;MT;11223;6201;5022;0;0;0;71;0;Bourgogne-Franche-Comté
202312;LFJL;METZ-NANCY-LORRAINE;MT;6851;3556;3295;0;0;0;121;0;Grand Est
202312;LFKB;BASTIA-PORETTA;MT;87556;39073;40098;0;228,7;609,8;705;96;Corse
202312;LFKC;CALVI-STE-CATHERINE;MT;11241;5646;5592;0;0;0,3;182;0;Corse
202312;LFKF;FIGARI-SUD-CORSE;MT;18197;9214;8983;0;0;0;271;0;Corse
202312;LFKJ;AJACCIO-NAPOLEON-BONAPARTE;MT;81023;37256;38296;0;111;436,1;670;75;Corse
202312;LFLB;CHAMBERY-AIX-LES-BAINS;MT;15467;5093;10304;13;4,5;1,2;851;0;Auvergne-Rhône-Alpes
202312;LFLC;CLERMONT-FERRAND-AUVERGNE;MT;20334;9658;9279;0;139,7;0;371;4;Auvergne-Rhône-Alpes
202312;LFLL;LYON-ST-EXUPERY;MT;825452;403442;380702;1675;1883,6;2079,7;6839;251;Auvergne-Rhône-Alpes
202312;LFLS;GRENOBLE-ALPES-ISERE;MT;39719;17062;22543;85;2,9;0;683;0;Auvergne-Rhône-Alpes
202312;LFLW;AURILLAC;MT;1705;803;902;0;0;0;80;0;Auvergne-Rhône-Alpes
202312;LFMK;CARCASSONNE-SALVAZA;MT;8537;4184;4353;0;0;0;62;0;Occitanie
202312;LFML;MARSEILLE-PROVENCE;MT;792797;381974;356831;4916;2559,2;2348,4;6393;544;Provence-Alpes-Côte d'Azur
202312;LFMN;NICE-COTE D'AZUR;MT;886516;438899;436658;460;539,6;510,3;9521;37;Provence-Alpes-Côte d'Azur
202312;LFMP;PERPIGNAN-RIVESALTES;MT;30395;15215;15180;0;0;0;218;0;Occitanie
202312;LFMT;MONTPELLIER-MEDITERRANEE;MT;136797;69707;66958;128;0,3;0;1077;0;Occitanie
202312;LFMU;BEZIERS-VIAS;MT;8462;4145;4317;0;0;0;58;0;Occitanie
202312;LFOB;BEAUVAIS-TILLE;MT;499322;263237;236002;83;0;0;3159;0;Hauts-de-France
202312;LFOK;CHALONS-VATRY;MT;21248;2817;2557;0;169;1418,4;44;48;Grand Est
202312;LFOT;TOURS-VAL DE LOIRE;MT;12531;6567;5964;0;0;0;97;0;Centre-Val de Loire
202312;LFPB;PARIS-LE BOURGET;MT;7177;3823;3354;0;0;0;3676;0;Île-de-France
202312;LFPG;PARIS-CHARLES DE GAULLE;MT;7262781;2769337;2718856;2689;91362,2;85827,7;33702;3267;Île-de-France
202312;LFPO;PARIS-ORLY;MT;2499626;1276533;1142330;348;4891,9;3149,6;15837;0;Île-de-France
202312;LFQQ;LILLE-LESQUIN;MT;134065;68619;65284;160;0,2;0;999;0;Hauts-de-France
202312;LFRB;BREST-BRETAGNE;MT;63327;30977;31948;346;3,6;1,9;701;0;Bretagne
202312;LFRK;CAEN-CARPIQUET;MT;27611;13844;13767;0;0;0;319;0;Normandie
202312;LFRN;RENNES-ST-JACQUES;MT;50225;20511;21653;0;314,8;491,3;447;78;Bretagne
202312;LFRS;NANTES-ATLANTIQUE;MT;459219;229447;219849;590;471,7;461,6;3509;79;Pays de la Loire
202312;LFRZ;ST-NAZAIRE-MONTOIR;MT;16535;222;235;198;906,7;681,3;53;73;Pays de la Loire
202312;LFSB;BALE-MULHOUSE;MT;685909;338366;300415;349;2720,1;1957,7;4778;474;Grand Est
202312;LFSL;BRIVE-SOUILLAC;MT;4363;2238;2123;2;0;0;109;0;Nouvelle-Aquitaine
202312;LFST;STRASBOURG-ENTZHEIM;MT;126616;63662;62610;317;1,9;0,8;1171;0;Grand Est
202312;LFTH;TOULON-HYERES;MT;14745;7090;7652;3;0;0;231;0;Provence-Alpes-Côte d'Azur
202312;LFTW;NIMES-GARONS;MT;14416;7485;6931;0;0;0;109;0;Occitanie
202312;LFVP;ST-PIERRE-POINTE BLANCHE;OM;2370;1057;1050;0;3,7;22,7;201;6;Saint-Pierre-et-Miquelon
202312;NLWW;WALLIS-HIHIFO;OM;4543;2239;2227;0;1,8;5,9;132;1;Wallis-et-Futuna
202312;NTAA;TAHITI FAA'A;OM;161573;79654;69061;504;507,6;727,8;2370;83;Polynésie française
202312;NTAM;RIMATARA;OM;1118;331;539;201;2;2,8;28;0;Polynésie française
202312;NTAR;RURUTU;OM;3155;798;1488;743;4,5;8,1;72;0;Polynésie française
202312;NTAT;TUBUAI MATAURA;OM;2772;925;1242;503;4,1;6;62;0;Polynésie française
202312;NTAV;RAIVAVAE;OM;1033;275;519;201;1,2;2,6;24;0;Polynésie française
202312;NTGC;TIKEHAU;OM;3100;989;1254;797;1,6;4,4;84;0;Polynésie française
202312;NTGF;FAKARAVA;OM;3280;1274;1573;332;1,8;8,3;78;0;Polynésie française
202312;NTGM;MAKEMO;OM;1010;328;408;223;1,4;3,7;26;0;Polynésie française
202312;NTGU;ARUTUA;OM;1360;421;529;343;1,7;5;33;1;Polynésie française
202312;NTMD;NUKU HIVA;OM;7504;3018;3885;424;6,8;10,9;232;6;Polynésie française
202312;NTMN;HIVA OA-ATUONA;OM;3464;1120;1536;713;3,1;6,4;83;1;Polynésie française
202312;NTTB;BORA BORA;OM;28669;12431;13504;2543;3,3;15,7;794;0;Polynésie française
202312;NTTE;TETIAROA;OM;1057;498;559;0;0;0;95;66;Polynésie française
202312;NTTG;RANGIROA;OM;10021;3710;4235;1855;6,3;15,8;284;2;Polynésie française
202312;NTTH;HUAHINE;OM;12654;4471;5293;2780;3,1;7,9;330;0;Polynésie française
202312;NTTM;MOOREA;OM;3256;1568;771;906;0,5;0,6;114;0;Polynésie française
202312;NTTO;HAO;OM;1757;467;432;813;1,5;3,1;56;0;Polynésie française
202312;NTTP;MAUPITI;OM;2782;1064;1592;15;3,2;7,8;116;0;Polynésie française
202312;NTTR;RAIATEA;OM;25045;10357;11360;3086;6,4;17,8;672;0;Polynésie française
202312;NWWE;ILE DES PINS;OM;10522;4944;5260;0;9,1;22,8;204;0;Nouvelle-Calédonie
202312;NWWL;LIFOU;OM;15464;6696;8159;0;19,4;41,5;315;0;Nouvelle-Calédonie
202312;NWWM;NOUMEA MAGENTA;OM;42709;21680;19393;0;110;53,6;863;2;Nouvelle-Calédonie
202312;NWWR;MARE;OM;8164;3493;4309;0;13,7;22,5;174;0;Nouvelle-Calédonie
202312;NWWV;OUVEA;OM;8499;3760;4404;0;10,8;22,7;169;1;Nouvelle-Calédonie
202312;NWWW;NOUMEA LA TONTOUTA;OM;54809;28677;23112;0;47,6;254,3;377;3;Nouvelle-Calédonie
202312;SOCA;CAYENNE-FELIX EBOUE;OM;46245;22699;21281;0;46,8;179,7;417;31;Guyane
202312;SOOA;MARIPASOULA;OM;1702;722;863;7;0;11;171;19;Guyane
202312;TFFF;MARTINIQUE-AIME CESAIRE;OM;191830;83692;93255;4126;312,4;763,3;1042;55;Martinique
202312;TFFG;ST-MARTIN-GRAND-CASE;OM;14663;6806;7703;4;7,2;7,8;443;1;Saint-Martin
202312;TFFJ;ST-BARTHELEMY;OM;19926;9194;10475;0;2,7;23;3999;82;Saint-Barthélemy
